Workbook

Sheet Claude Log
A1: Turn # | B1: Date | C1: User Request | D1: Action Taken | E1: Details | F1: Outcome
A2: 1 | B2: 46249 | C2: Populate Log Abstract cols A-F (FROM/TO/Voyage/Departure/Arrival/Leg Purpose) by matching each row's noon-time date against passages in 'Passages List' B:G. | D2: Wrote INDEX/MATCH formulas in Log Abstract A2:F351 keyed on noon time (col H). | E2: Formula: =IF($H2="","",INDEX('Passages List'!B$3:B$65,MATCH($H2,'Passages List'!$E$3:$E$65,1))) copied across A:F and down to row 351. Approximate MATCH on sorted DEPARTURE column places each noon time in its passage window. D:E formatted as dates to match noon-time col. | F2: 351 rows populated, 0 formula errors. Arrival reports map to port-stay rows, departure reports to new legs.

Sheet Vessel Details
A1: Vessel | B1: AMNS POLAR
A2: IMO number | B2: 9521813
A3: Year built | B3: 40984
A4: Vessel category | B4: General cargo ship (<20,000dwt)
A5: DWT | B5: 19560
A6: GT | B6: 13579
A7: Ice class | B7: yes
A8: Flag | B8: IN
A9: EEDI/EEXI | B9: N/A

Sheet Emissions KPIs
A1: CII | D1: AER
A2: 10.68 | B2: C | C2: [gCO2/(dwt*nm)] | D2: 10.68 | E2: gCO2/(dwt*nm)

Sheet Summary
A1: Period (from, to) | B1: 46023 | C1: 46249
B2: CII/AER
A3: Total distance (nm) | B3: 33864
A4: Total time (hrs) | B4: 5435
A5: Total fuel consumed (mt/kWh) | B5: 2243.41
A6: MGO | B6: 112.91
A7: LFO | B7: 2130.5
A8: Total Emissions (t CO2/t CO2e) | B8: 7075.19

Sheet Correction and Gaps
A1: Year | B1: Date (from) | C1: Date (to) | D1: Distance (nm) | E1: CO2 (mt) | F1: Total fuel cons. (mt)
A3: Total remaining data gaps: | B3: 0 days

Sheet Passages List
J1: ENERGY SOURCES | K1: EMISSIONS
B2: FROM | C2: TO | D2: VOYAGE NUMBER | E2: DEPARTURE [UTC] | F2: ARRIVAL [UTC] | G2: LEG PURPOSE | H2: Distance [nm] | I2: Cargo [t] | J2: Total energy [MJ] | K2: CII/AER [t] | L2: CII | M2: AER
A3: 1 | B3: Hazira Port (Surat) Hbr (INHZA) | C3: Chennai (ex Madras) (INMAA) | D3: 040 L | E3: 46019.654 | F3: 46026.492 | G3: Cargo | H3: 1681 | I3: 18155 | K3: 347.96 | L3: B | M3: 10.58
A4: PS | C4: Chennai (ex Madras) (INMAA) | D4: 040 L | E4: 46026.492 | F4: 46028.029 | G4: Cargo operations | H4: 0 | I4: 0 | K4: 18.72 | L4: -
A5: 3 | B5: Chennai (ex Madras) (INMAA) | C5: South Hbr (INMUN) | D5: 041 B | E5: 46028.029 | F5: 46034.704 | G5: Ballast | H5: 1862 | I5: 0 | K5: 321.82 | L5: A | M5: 8.84
A6: PS | C6: South Hbr (INMUN) | D6: 041 B | E6: 46034.704 | F6: 46038.029 | G6: Cargo operations | H6: 6 | I6: 18000 | K6: 37.63 | L6: E | M6: 320.62
A7: 5 | B7: South Hbr (INMUN) | C7: Northern Arm (INVTZ) | D7: 041 L | E7: 46038.029 | F7: 46046.479 | G7: Cargo | H7: 2141 | I7: 18000 | K7: 427.37 | L7: B | M7: 10.2
A8: PS | C8: Northern Arm (INVTZ) | D8: 041 L | E8: 46046.479 | F8: 46047.696 | G8: Cargo operations | H8: 0 | I8: 6000 | K8: 13.18 | L8: -
A9: 7 | B9: Northern Arm (INVTZ) | C9: Paradip Port Hbr (INPPT) | D9: 041 L | E9: 46047.696 | F9: 46048.633 | G9: Cargo | H9: 254 | I9: 6000 | K9: 48.54 | L9: B | M9: 9.78
A10: PS | C10: Paradip Port Hbr (INPPT) | D10: 041 L | E10: 46048.633 | F10: 46049.967 | G10: Cargo operations | H10: 10 | I10: 0 | K10: 18.07 | L10: E | M10: 89.71
A11: 9 | B11: Paradip Port Hbr (INPPT) | C11: Hazira Port (Surat) Hbr (INHZA) | D11: 042 | E11: 46049.967 | F11: 46050.037 | G11: Cargo | H11: 7 | I11: 0 | K11: 3.95 | L11: E | M11: 27.64
A12: PS | C12: Hazira Port (Surat) Hbr (INHZA) | D12: 042 | E12: 46050.037 | F12: 46050.892 | G12: No cargo operations | H12: 0 | I12: 0 | K12: 8.89 | L12: -
A13: 11 | B13: Paradip Port Hbr (INPPT) | C13: Paradip Port Hbr (INPPT) | D13: 042 | E13: 46050.892 | F13: 46051.217 | G13: Ballast | H13: 15 | I13: 0 | K13: 8.22 | L13: E | M13: 28.98
A14: PS | C14: Paradip Port Hbr (INPPT) | D14: 042 | E14: 46051.217 | F14: 46052.104 | G14: No cargo operations | H14: 0 | I14: 18600 | K14: 9.68 | L14: -
A15: 13 | B15: Paradip Port Hbr (INPPT) | C15: Hazira Port (Surat) Hbr (INHZA) | D15: 042 L | E15: 46052.104 | F15: 46063.196 | G15: Cargo | H15: 2110 | I15: 18600 | K15: 441.33 | L15: C | M15: 10.7
A16: PS | C16: Hazira Port (Surat) Hbr (INHZA) | D16: 042 L | E16: 46063.196 | F16: 46063.617 | G16: Cargo operations | H16: 0 | I16: 0 | K16: 3.97 | L16: -
A17: 15 | B17: Hazira Port (Surat) Hbr (INHZA) | C17: Hazira Port (Surat) Hbr (INHZA) | D17: 043 B | E17: 46063.617 | F17: 46067.4 | G17: Ballast | H17: 109 | I17: 0 | K17: 46.05 | L17: E | M17: 21.6
A18: PS | C18: Hazira Port (Surat) Hbr (INHZA) | D18: 043 B | E18: 46067.4 | F18: 46069.812 | G18: Cargo operations | H18: 0 | I18: 12536 | K18: 26.36 | L18: -
A19: 17 | B19: Hazira Port (Surat) Hbr (INHZA) | C19: New Mangalore (INNML) | D19: 043 L | E19: 46069.812 | F19: 46071.887 | G19: Cargo | H19: 541 | I19: 12536 | K19: 94.56 | L19: A | M19: 8.93
A20: PS | C20: New Mangalore (INNML) | D20: 043 L | E20: 46071.887 | F20: 46072.579 | G20: Cargo operations | H20: 0 | I20: 10165 | K20: 8.25 | L20: -
A21: 19 | B21: New Mangalore (INNML) | C21: Chennai (ex Madras) (INMAA) | D21: 043 L | E21: 46072.579 | F21: 46076.983 | G21: Cargo | H21: 1155 | I21: 10165 | K21: 202.34 | L21: A | M21: 8.96
A22: PS | C22: Chennai (ex Madras) (INMAA) | D22: 043 L | E22: 46076.983 | F22: 46078.325 | G22: Cargo operations | H22: 0 | I22: 0 | K22: 14.92 | L22: -
A23: 21 | B23: Chennai (ex Madras) (INMAA) | C23: Hazira Port (Surat) Hbr (INHZA) | D23: 044 B | E23: 46078.325 | F23: 46085.471 | G23: Ballast | H23: 1633 | I23: 0 | K23: 279.61 | L23: A | M23: 8.75
A24: PS | C24: Hazira Port (Surat) Hbr (INHZA) | D24: 044 B | E24: 46085.471 | F24: 46087.938 | G24: Cargo operations | H24: 0 | I24: 9018 | K24: 26.11 | L24: -
A25: 23 | B25: Hazira Port (Surat) Hbr (INHZA) | C25: Pir Pau (INBOM) | D25: 044 L | E25: 46087.938 | F25: 46088.904 | G25: Cargo | H25: 142 | I25: 9018 | K25: 24.28 | L25: A | M25: 8.72
A26: PS | C26: Pir Pau (INBOM) | D26: 044 L | E26: 46088.904 | F26: 46090.099 | G26: Cargo operations | H26: 0 | I26: 0 | K26: 10.48 | L26: -
A27: 25 | B27: Pir Pau (INBOM) | C27: Hazira Port (Surat) Hbr (INHZA) | D27: 45 B | E27: 46090.099 | F27: 46090.892 | G27: Ballast | H27: 156 | I27: 0 | K27: 25.21 | L27: A | M27: 8.26
A28: PS | C28: Hazira Port (Surat) Hbr (INHZA) | D28: 45 B | E28: 46090.892 | F28: 46093.104 | G28: Cargo operations | H28: 0 | I28: 11928 | K28: 24.42 | L28: -
A29: 27 | B29: Hazira Port (Surat) Hbr (INHZA) | C29: New Mangalore (INNML) | D29: 45 L | E29: 46093.104 | F29: 46095.238 | G29: Cargo | H29: 539 | I29: 11928 | K29: 94.07 | L29: A | M29: 8.92
A30: PS | C30: New Mangalore (INNML) | D30: 45 L | E30: 46095.238 | F30: 46101.417 | G30: Cargo operations | H30: 1146 | I30: 9422 | K30: 210.04 | L30: B | M30: 9.37
A31: 29 | B31: Chennai (ex Madras) (INMAA) | C31: Hazira Port (Surat) Hbr (INHZA) | D31: 46B | E31: 46101.417 | F31: 46109.842 | G31: Ballast | H31: 1677 | I31: 0 | K31: 307.16 | L31: B | M31: 9.36
A32: PS | C32: Hazira Port (Surat) Hbr (INHZA) | D32: 46B | E32: 46109.842 | F32: 46113.354 | G32: Cargo operations | H32: 0 | I32: 14000 | K32: 38.13 | L32: -
A33: 31 | B33: Hazira Port (Surat) Hbr (INHZA) | C33: Pir Pau (INBOM) | D33: 046 L | E33: 46113.354 | F33: 46120.908 | G33: Cargo | H33: 194 | I33: 14000 | K33: 95.04 | L33: E | M33: 25.02
A34: PS | C34: Pir Pau (INBOM) | D34: 046 L | E34: 46120.908 | F34: 46121.321 | G34: Cargo operations | H34: 0 | I34: 11307 | K34: 4.09 | L34: -
A35: 33 | B35: Pir Pau (INBOM) | C35: New Mangalore (INNML) | D35: 46L | E35: 46121.321 | F35: 46123.008 | G35: Cargo | H35: 429 | I35: 11307 | K35: 83.91 | L35: B | M35: 10.01
A36: PS | C36: New Mangalore (INNML) | D36: 46L | E36: 46123.008 | F36: 46123.733 | G36: Cargo operations | H36: 0 | I36: 9320 | K36: 7.82 | L36: -
A37: 35 | B37: New Mangalore (INNML) | C37: Chennai (ex Madras) (INMAA) | D37: 46L | E37: 46123.733 | F37: 46128.075 | G37: Cargo | H37: 1156 | I37: 9320 | K37: 205.86 | L37: A | M37: 9.1
A38: PS | C38: Chennai (ex Madras) (INMAA) | D38: 46L | E38: 46128.075 | F38: 46129.215 | G38: Cargo operations | H38: 0 | I38: 0 | K38: 13.12 | L38: -
A39: 37 | B39: Chennai (ex Madras) (INMAA) | C39: Hazira Port (Surat) Hbr (INHZA) | D39: 47B | E39: 46129.215 | F39: 46136.604 | G39: Ballast | H39: 1643 | I39: 0 | K39: 305.66 | L39: B | M39: 9.51
A40: PS | C40: Hazira Port (Surat) Hbr (INHZA) | D40: 47B | E40: 46136.604 | F40: 46139.204 | G40: Cargo operations | H40: 0 | I40: 14085 | K40: 29.33 | L40: -
A41: 39 | B41: Hazira Port (Surat) Hbr (INHZA) | C41: New Mangalore (INNML) | D41: 47L | E41: 46139.204 | F41: 46142.058 | G41: Cargo | H41: 543 | I41: 14085 | K41: 115.74 | L41: C | M41: 10.91
A42: PS | C42: New Mangalore (INNML) | D42: 47L | E42: 46142.058 | F42: 46142.738 | G42: Cargo operations | H42: 0 | I42: 11853 | K42: 8.55 | L42: -
A43: 41 | B43: New Mangalore (INNML) | C43: Chennai (ex Madras) (INMAA) | D43: 47L | E43: 46142.738 | F43: 46147.233 | G43: Cargo | H43: 1157 | I43: 11853 | K43: 214.27 | L43: B | M43: 9.47
A44: PS | C44: Chennai (ex Madras) (INMAA) | D44: 47L | E44: 46147.233 | F44: 46148.514 | G44: Cargo operations | H44: 0 | I44: 0 | K44: 13.42 | L44: -
A45: 43 | B45: Chennai (ex Madras) (INMAA) | C45: Hazira Port (Surat) Hbr (INHZA) | D45: 48B | E45: 46148.514 | F45: 46159.938 | G45: Ballast | H45: 1985 | I45: 0 | K45: 373.88 | L45: B | M45: 9.63
A46: PS | C46: Hazira Port (Surat) Hbr (INHZA) | D46: 48B | E46: 46159.938 | F46: 46162.407 | G46: Cargo operations | H46: 0 | I46: 14068 | K46: 20.81 | L46: -
A47: 45 | B47: Hazira Port (Surat) Hbr (INHZA) | C47: Chennai (ex Madras) (INMAA) | D47: 48L | E47: 46162.407 | F47: 46169.271 | G47: Cargo | H47: 1682 | I47: 14068 | K47: 298.06 | L47: A | M47: 9.06
A48: PS | C48: Chennai (ex Madras) (INMAA) | D48: 48L | E48: 46169.271 | F48: 46170.536 | G48: Cargo operations | H48: 0 | I48: 0 | K48: 11.29 | L48: -
A49: 47 | B49: Chennai (ex Madras) (INMAA) | C49: Hazira Port (Surat) Hbr (INHZA) | D49: 49B | E49: 46170.536 | F49: 46179.087 | G49: Ballast | H49: 1817 | I49: 0 | K49: 307.26 | L49: A | M49: 8.64
A50: PS | C50: Hazira Port (Surat) Hbr (INHZA) | D50: 49B | E50: 46179.087 | F50: 46194.636 | G50: Cargo operations | H50: 0 | I50: 15265 | K50: 110.54 | L50: -
A51: 49 | B51: Hazira Port (Surat) Hbr (INHZA) | C51: Chennai (ex Madras) (INMAA) | D51: 46L | E51: 46194.636 | F51: 46201.726 | G51: Cargo | H51: 1777 | I51: 15265 | K51: 329.59 | L51: B | M51: 9.48
A52: PS | C52: Chennai (ex Madras) (INMAA) | D52: 46L | E52: 46201.726 | F52: 46203.172 | G52: Cargo operations | H52: 0 | I52: 0 | K52: 14.08 | L52: -
A53: 51 | B53: Chennai (ex Madras) (INMAA) | C53: Hazira Port (Surat) Hbr (INHZA) | D53: 50B | E53: 46203.172 | F53: 46210.946 | G53: Ballast | H53: 1655 | I53: 0 | K53: 344.46 | L53: C | M53: 10.64
A54: PS | C54: Hazira Port (Surat) Hbr (INHZA) | D54: 50B | E54: 46210.946 | F54: 46215.703 | G54: Cargo operations | H54: 0 | I54: 18006 | K54: 44.84 | L54: -
A55: 53 | B55: Hazira Port (Surat) Hbr (INHZA) | C55: New Mangalore (INNML) | D55: 50L | E55: 46215.703 | F55: 46218.267 | G55: Cargo | H55: 550 | I55: 18006 | K55: 119.42 | L55: C | M55: 11.11
A56: PS | C56: New Mangalore (INNML) | D56: 50L | E56: 46218.267 | F56: 46219.067 | G56: Cargo operations | H56: 0 | I56: 14410 | K56: 10.23 | L56: -
A57: 55 | B57: New Mangalore (INNML) | C57: Chennai (ex Madras) (INMAA) | D57: 50L | E57: 46219.067 | F57: 46223.467 | G57: Cargo | H57: 1157 | I57: 14410 | K57: 194.73 | L57: A | M57: 8.61
A58: PS | C58: Chennai (ex Madras) (INMAA) | D58: 50L | E58: 46223.467 | F58: 46224.849 | G58: Cargo operations | H58: 0 | I58: 0 | K58: 14.28 | L58: -
A59: 57 | B59: Chennai (ex Madras) (INMAA) | C59: Hazira Port (Surat) Hbr (INHZA) | D59: 51B | E59: 46224.849 | F59: 46231.875 | G59: Ballast | H59: 1656 | I59: 0 | K59: 323.93 | L59: B | M59: 10
A60: PS | C60: Hazira Port (Surat) Hbr (INHZA) | D60: 51B | E60: 46231.875 | F60: 46238.992 | G60: Cargo operations | H60: 0 | I60: 17809 | K60: 59.13 | L60: -
A61: 59 | B61: Hazira Port (Surat) Hbr (INHZA) | C61: New Mangalore (INNML) | D61: 51L | E61: 46238.992 | F61: 46241.537 | G61: Cargo | H61: 561 | I61: 17809 | K61: 125.26 | L61: C | M61: 11.42
A62: PS | C62: New Mangalore (INNML) | D62: 51L | E62: 46241.537 | F62: 46242.067 | G62: Cargo operations | H62: 0 | I62: 13017 | K62: 5.7 | L62: -
A63: 61 | B63: New Mangalore (INNML) | C63: Chennai (ex Madras) (INMAA) | D63: 51L | E63: 46242.067 | F63: 46246.554 | G63: Cargo | H63: 1156 | I63: 13017 | K63: 206.08 | L63: A | M63: 9.11
A64: PS | C64: Chennai (ex Madras) (INMAA) | D64: 51L | E64: 46246.554 | F64: 46247.758 | G64: Cargo operations | H64: 0 | I64: 0 | K64: 13.14 | L64: -
A65: 63 | B65: Chennai (ex Madras) (INMAA) | C65: Hazira Port (Surat) Hbr (INHZA) | D65: 052 B | E65: 46247.758 | F65: in progress | G65: Ballast | H65: 247 | I65: 0 | K65: 45.54 | L65: B | M65: 9.42

Sheet Log Abstract
A1: FROM | B1: TO | C1: DEPARTURE [UTC] | D1: ARRIVAL [UTC] | E1: LEG PURPOSE | G1: NOON TIME | H1: LAT | I1: LON | J1: VOYAGE NUMBER | K1: Event | L1: TIME SINCE LAST REPORT [H] | M1: DISTANCE [NM] | N1: CARGO TOTAL MASS | O1: LFO [MT] | P1: MGO [MT]
A2: =IF($G2="","",INDEX('Passages List'!B$3:B$65,MATCH($G2,'Passages List'!$E$3:$E$65,1))) -> Paradip Port Hbr (INPPT) | B2: =IF($G2="","",INDEX('Passages List'!C$3:C$65,MATCH($G2,'Passages List'!$E$3:$E$65,1))) -> Hazira Port (Surat) Hbr (INHZA) | C2: =IF($G2="","",INDEX('Passages List'!E$3:E$65,MATCH($G2,'Passages List'!$E$3:$E$65,1))) -> 46052.104 | D2: =IF($G2="","",INDEX('Passages List'!F$3:F$65,MATCH($G2,'Passages List'!$E$3:$E$65,1))) -> 46063.196 | E2: =IF($G2="","",INDEX('Passages List'!G$3:G$65,MATCH($G2,'Passages List'!$E$3:$E$65,1))) -> Cargo | F2: Position report | G2: 46052.188 | H2: 20° 07.94' N | I2: 86° 52.03' E | J2: 42 L | K2: COSP | L2: 02:00 | M2: 16 | O2: 1.1 | P2: 0.1
A3: =IF($G3="","",INDEX('Passages List'!B$3:B$65,MATCH($G3,'Passages List'!$E$3:$E$65,1))) -> Paradip Port Hbr (INPPT) | B3: =IF($G3="","",INDEX('Passages List'!C$3:C$65,MATCH($G3,'Passages List'!$E$3:$E$65,1))) -> Hazira Port (Surat) Hbr (INHZA) | C3: =IF($G3="","",INDEX('Passages List'!E$3:E$65,MATCH($G3,'Passages List'!$E$3:$E$65,1))) -> 46052.104 | D3: =IF($G3="","",INDEX('Passages List'!F$3:F$65,MATCH($G3,'Passages List'!$E$3:$E$65,1))) -> 46063.196 | E3: =IF($G3="","",INDEX('Passages List'!G$3:G$65,MATCH($G3,'Passages List'!$E$3:$E$65,1))) -> Cargo | F3: Position report | G3: 46052.271 | H3: 19° 46.25' N | I3: 86° 30.32' E | J3: 42 L | K3: Noon At Sea | L3: 02:00 | M3: 23 | O3: 1.3 | P3: 0.1
A4: =IF($G4="","",INDEX('Passages List'!B$3:B$65,MATCH($G4,'Passages List'!$E$3:$E$65,1))) -> Paradip Port Hbr (INPPT) | B4: =IF($G4="","",INDEX('Passages List'!C$3:C$65,MATCH($G4,'Passages List'!$E$3:$E$65,1))) -> Hazira Port (Surat) Hbr (INHZA) | C4: =IF($G4="","",INDEX('Passages List'!E$3:E$65,MATCH($G4,'Passages List'!$E$3:$E$65,1))) -> 46052.104 | D4: =IF($G4="","",INDEX('Passages List'!F$3:F$65,MATCH($G4,'Passages List'!$E$3:$E$65,1))) -> 46063.196 | E4: =IF($G4="","",INDEX('Passages List'!G$3:G$65,MATCH($G4,'Passages List'!$E$3:$E$65,1))) -> Cargo | F4: Position report | G4: 46053.271 | H4: 15° 35.82' N | I4: 85° 18.87' E | J4: 42 L | K4: Noon At Sea | L4: 24:00 | M4: 264 | O4: 16.1 | P4: 0.2
A5: =IF($G5="","",INDEX('Passages List'!B$3:B$65,MATCH($G5,'Passages List'!$E$3:$E$65,1))) -> Paradip Port Hbr (INPPT) | B5: =IF($G5="","",INDEX('Passages List'!C$3:C$65,MATCH($G5,'Passages List'!$E$3:$E$65,1))) -> Hazira Port (Surat) Hbr (INHZA) | C5: =IF($G5="","",INDEX('Passages List'!E$3:E$65,MATCH($G5,'Passages List'!$E$3:$E$65,1))) -> 46052.104 | D5: =IF($G5="","",INDEX('Passages List'!F$3:F$65,MATCH($G5,'Passages List'!$E$3:$E$65,1))) -> 46063.196 | E5: =IF($G5="","",INDEX('Passages List'!G$3:G$65,MATCH($G5,'Passages List'!$E$3:$E$65,1))) -> Cargo | F5: Position report | G5: 46054.271 | H5: 11° 44.50' N | I5: 83° 56.01' E | J5: 42 L | K5: Noon At Sea | L5: 24:00 | M5: 244 | O5: 16.1 | P5: 0.2
A6: =IF($G6="","",INDEX('Passages List'!B$3:B$65,MATCH($G6,'Passages List'!$E$3:$E$65,1))) -> Paradip Port Hbr (INPPT) | B6: =IF($G6="","",INDEX('Passages List'!C$3:C$65,MATCH($G6,'Passages List'!$E$3:$E$65,1))) -> Hazira Port (Surat) Hbr (INHZA) | C6: =IF($G6="","",INDEX('Passages List'!E$3:E$65,MATCH($G6,'Passages List'!$E$3:$E$65,1))) -> 46052.104 | D6: =IF($G6="","",INDEX('Passages List'!F$3:F$65,MATCH($G6,'Passages List'!$E$3:$E$65,1))) -> 46063.196 | E6: =IF($G6="","",INDEX('Passages List'!G$3:G$65,MATCH($G6,'Passages List'!$E$3:$E$65,1))) -> Cargo | F6: Position report | G6: 46055.271 | H6: 7° 46.98' N | I6: 82° 32.12' E | J6: 42 L | K6: Noon At Sea | L6: 24:00 | M6: 251 | O6: 16.1 | P6: 0.2
A7: =IF($G7="","",INDEX('Passages List'!B$3:B$65,MATCH($G7,'Passages List'!$E$3:$E$65,1))) -> Paradip Port Hbr (INPPT) | B7: =IF($G7="","",INDEX('Passages List'!C$3:C$65,MATCH($G7,'Passages List'!$E$3:$E$65,1))) -> Hazira Port (Surat) Hbr (INHZA) | C7: =IF($G7="","",INDEX('Passages List'!E$3:E$65,MATCH($G7,'Passages List'!$E$3:$E$65,1))) -> 46052.104 | D7: =IF($G7="","",INDEX('Passages List'!F$3:F$65,MATCH($G7,'Passages List'!$E$3:$E$65,1))) -> 46063.196 | E7: =IF($G7="","",INDEX('Passages List'!G$3:G$65,MATCH($G7,'Passages List'!$E$3:$E$65,1))) -> Cargo | F7: Position report | G7: 46056.271 | H7: 6° 18.91' N | I7: 79° 19.54' E | J7: 42 L | K7: Noon At Sea | L7: 24:00 | M7: 271 | O7: 16.1 | P7: 0.2
A8: =IF($G8="","",INDEX('Passages List'!B$3:B$65,MATCH($G8,'Passages List'!$E$3:$E$65,1))) -> Paradip Port Hbr (INPPT) | B8: =IF($G8="","",INDEX('Passages List'!C$3:C$65,MATCH($G8,'Passages List'!$E$3:$E$65,1))) -> Hazira Port (Surat) Hbr (INHZA) | C8: =IF($G8="","",INDEX('Passages List'!E$3:E$65,MATCH($G8,'Passages List'!$E$3:$E$65,1))) -> 46052.104 | D8: =IF($G8="","",INDEX('Passages List'!F$3:F$65,MATCH($G8,'Passages List'!$E$3:$E$65,1))) -> 46063.196 | E8: =IF($G8="","",INDEX('Passages List'!G$3:G$65,MATCH($G8,'Passages List'!$E$3:$E$65,1))) -> Cargo | F8: Position report | G8: 46057.271 | H8: 8° 46.22' N | I8: 76° 00.29' E | J8: 42 L | K8: Noon At Sea | L8: 24:00 | M8: 248 | O8: 16.1 | P8: 0.2
A9: =IF($G9="","",INDEX('Passages List'!B$3:B$65,MATCH($G9,'Passages List'!$E$3:$E$65,1))) -> Paradip Port Hbr (INPPT) | B9: =IF($G9="","",INDEX('Passages List'!C$3:C$65,MATCH($G9,'Passages List'!$E$3:$E$65,1))) -> Hazira Port (Surat) Hbr (INHZA) | C9: =IF($G9="","",INDEX('Passages List'!E$3:E$65,MATCH($G9,'Passages List'!$E$3:$E$65,1))) -> 46052.104 | D9: =IF($G9="","",INDEX('Passages List'!F$3:F$65,MATCH($G9,'Passages List'!$E$3:$E$65,1))) -> 46063.196 | E9: =IF($G9="","",INDEX('Passages List'!G$3:G$65,MATCH($G9,'Passages List'!$E$3:$E$65,1))) -> Cargo | F9: Position report | G9: 46058.271 | H9: 12° 49.38' N | I9: 73° 44.19' E | J9: 42 L | K9: Noon At Sea | L9: 24:00 | M9: 277 | O9: 15.9 | P9: 0.2
A10: =IF($G10="","",INDEX('Passages List'!B$3:B$65,MATCH($G10,'Passages List'!$E$3:$E$65,1))) -> Paradip Port Hbr (INPPT) | B10: =IF($G10="","",INDEX('Passages List'!C$3:C$65,MATCH($G10,'Passages List'!$E$3:$E$65,1))) -> Hazira Port (Surat) Hbr (INHZA) | C10: =IF($G10="","",INDEX('Passages List'!E$3:E$65,MATCH($G10,'Passages List'!$E$3:$E$65,1))) -> 46052.104 | D10: =IF($G10="","",INDEX('Passages List'!F$3:F$65,MATCH($G10,'Passages List'!$E$3:$E$65,1))) -> 46063.196 | E10: =IF($G10="","",INDEX('Passages List'!G$3:G$65,MATCH($G10,'Passages List'!$E$3:$E$65,1))) -> Cargo | F10: Position report | G10: 46059.271 | H10: 17° 05.75' N | I10: 72° 39.92' E | J10: 42 L | K10: Noon At Sea | L10: 24:00 | M10: 269 | O10: 15.9 | P10: 0.2
A11: =IF($G11="","",INDEX('Passages List'!B$3:B$65,MATCH($G11,'Passages List'!$E$3:$E$65,1))) -> Paradip Port Hbr (INPPT) | B11: =IF($G11="","",INDEX('Passages List'!C$3:C$65,MATCH($G11,'Passages List'!$E$3:$E$65,1))) -> Hazira Port (Surat) Hbr (INHZA) | C11: =IF($G11="","",INDEX('Passages List'!E$3:E$65,MATCH($G11,'Passages List'!$E$3:$E$65,1))) -> 46052.104 | D11: =IF($G11="","",INDEX('Passages List'!F$3:F$65,MATCH($G11,'Passages List'!$E$3:$E$65,1))) -> 46063.196 | E11: =IF($G11="","",INDEX('Passages List'!G$3:G$65,MATCH($G11,'Passages List'!$E$3:$E$65,1))) -> Cargo | F11: Position report | G11: 46060.104 | H11: 20° 45.22' N | I11: 72° 39.92' E | J11: 42 L | K11: Noon At Sea | L11: 20:00 | M11: 220 | O11: 13.2 | P11: 0.2
A12: =IF($G12="","",INDEX('Passages List'!B$3:B$65,MATCH($G12,'Passages List'!$E$3:$E$65,1))) -> Paradip Port Hbr (INPPT) | B12: =IF($G12="","",INDEX('Passages List'!C$3:C$65,MATCH($G12,'Passages List'!$E$3:$E$65,1))) -> Hazira Port (Surat) Hbr (INHZA) | C12: =IF($G12="","",INDEX('Passages List'!E$3:E$65,MATCH($G12,'Passages List'!$E$3:$E$65,1))) -> 46052.104 | D12: =IF($G12="","",INDEX('Passages List'!F$3:F$65,MATCH($G12,'Passages List'!$E$3:$E$65,1))) -> 46063.196 | E12: =IF($G12="","",INDEX('Passages List'!G$3:G$65,MATCH($G12,'Passages List'!$E$3:$E$65,1))) -> Cargo | F12: Position report in port | G12: 46060.271 | H12: 20° 45.22' N | I12: 72° 39.92' E | J12: 42 L | K12: Noon At Sea | L12: 04:00 | M12: 9.7 | O12: 0.6 | P12: 0.3
A13: =IF($G13="","",INDEX('Passages List'!B$3:B$65,MATCH($G13,'Passages List'!$E$3:$E$65,1))) -> Paradip Port Hbr (INPPT) | B13: =IF($G13="","",INDEX('Passages List'!C$3:C$65,MATCH($G13,'Passages List'!$E$3:$E$65,1))) -> Hazira Port (Surat) Hbr (INHZA) | C13: =IF($G13="","",INDEX('Passages List'!E$3:E$65,MATCH($G13,'Passages List'!$E$3:$E$65,1))) -> 46052.104 | D13: =IF($G13="","",INDEX('Passages List'!F$3:F$65,MATCH($G13,'Passages List'!$E$3:$E$65,1))) -> 46063.196 | E13: =IF($G13="","",INDEX('Passages List'!G$3:G$65,MATCH($G13,'Passages List'!$E$3:$E$65,1))) -> Cargo | F13: Position report in port | G13: 46061.271 | H13: 20° 45.22' N | I13: 72° 39.92' E | J13: 42 L | K13: Noon At Sea | L13: 24:00 | M13: 2.9 | O13: 1.8 | P13: 1.5
A14: =IF($G14="","",INDEX('Passages List'!B$3:B$65,MATCH($G14,'Passages List'!$E$3:$E$65,1))) -> Paradip Port Hbr (INPPT) | B14: =IF($G14="","",INDEX('Passages List'!C$3:C$65,MATCH($G14,'Passages List'!$E$3:$E$65,1))) -> Hazira Port (Surat) Hbr (INHZA) | C14: =IF($G14="","",INDEX('Passages List'!E$3:E$65,MATCH($G14,'Passages List'!$E$3:$E$65,1))) -> 46052.104 | D14: =IF($G14="","",INDEX('Passages List'!F$3:F$65,MATCH($G14,'Passages List'!$E$3:$E$65,1))) -> 46063.196 | E14: =IF($G14="","",INDEX('Passages List'!G$3:G$65,MATCH($G14,'Passages List'!$E$3:$E$65,1))) -> Cargo | F14: Position report in port | G14: 46062.271 | H14: 20° 45.22' N | I14: 72° 39.92' E | J14: 42 L | K14: Noon At Sea | L14: 24:00 | O14: 1.6 | P14: 1.5
A15: =IF($G15="","",INDEX('Passages List'!B$3:B$65,MATCH($G15,'Passages List'!$E$3:$E$65,1))) | B15: =IF($G15="","",INDEX('Passages List'!C$3:C$65,MATCH($G15,'Passages List'!$E$3:$E$65,1))) -> Hazira Port (Surat) Hbr (INHZA) | C15: =IF($G15="","",INDEX('Passages List'!E$3:E$65,MATCH($G15,'Passages List'!$E$3:$E$65,1))) -> 46063.196 | D15: =IF($G15="","",INDEX('Passages List'!F$3:F$65,MATCH($G15,'Passages List'!$E$3:$E$65,1))) -> 46063.617 | E15: =IF($G15="","",INDEX('Passages List'!G$3:G$65,MATCH($G15,'Passages List'!$E$3:$E$65,1))) -> Cargo operations | F15: Arrival report | G15: 46063.196 | H15: 20° 53.00' N | I15: 72° 36.00' E | J15: 42 L | K15: EOSP | L15: 22:12 | M15: 14 | N15: 18600 | O15: 1.8 | P15: 1.3
A16: =IF($G16="","",INDEX('Passages List'!B$3:B$65,MATCH($G16,'Passages List'!$E$3:$E$65,1))) | B16: =IF($G16="","",INDEX('Passages List'!C$3:C$65,MATCH($G16,'Passages List'!$E$3:$E$65,1))) -> Hazira Port (Surat) Hbr (INHZA) | C16: =IF($G16="","",INDEX('Passages List'!E$3:E$65,MATCH($G16,'Passages List'!$E$3:$E$65,1))) -> 46063.196 | D16: =IF($G16="","",INDEX('Passages List'!F$3:F$65,MATCH($G16,'Passages List'!$E$3:$E$65,1))) -> 46063.617 | E16: =IF($G16="","",INDEX('Passages List'!G$3:G$65,MATCH($G16,'Passages List'!$E$3:$E$65,1))) -> Cargo operations | F16: Position report in port | G16: 46063.271 | H16: 20° 53.00' N | I16: 72° 36.00' E | J16: 42 L | L16: 01:48 | O16: 0.1 | P16: 0.1
A17: =IF($G17="","",INDEX('Passages List'!B$3:B$65,MATCH($G17,'Passages List'!$E$3:$E$65,1))) -> Hazira Port (Surat) Hbr (INHZA) | B17: =IF($G17="","",INDEX('Passages List'!C$3:C$65,MATCH($G17,'Passages List'!$E$3:$E$65,1))) -> Hazira Port (Surat) Hbr (INHZA) | C17: =IF($G17="","",INDEX('Passages List'!E$3:E$65,MATCH($G17,'Passages List'!$E$3:$E$65,1))) -> 46063.617 | D17: =IF($G17="","",INDEX('Passages List'!F$3:F$65,MATCH($G17,'Passages List'!$E$3:$E$65,1))) -> 46067.4 | E17: =IF($G17="","",INDEX('Passages List'!G$3:G$65,MATCH($G17,'Passages List'!$E$3:$E$65,1))) -> Ballast | F17: Departure report | G17: 46063.617 | H17: 20° 10.97' N | I17: 72° 21.20' E | J17: 43 B | K17: COSP | L17: 08:18 | O17: 0.5 | P17: 0.6
A18: =IF($G18="","",INDEX('Passages List'!B$3:B$65,MATCH($G18,'Passages List'!$E$3:$E$65,1))) -> Hazira Port (Surat) Hbr (INHZA) | B18: =IF($G18="","",INDEX('Passages List'!C$3:C$65,MATCH($G18,'Passages List'!$E$3:$E$65,1))) -> Hazira Port (Surat) Hbr (INHZA) | C18: =IF($G18="","",INDEX('Passages List'!E$3:E$65,MATCH($G18,'Passages List'!$E$3:$E$65,1))) -> 46063.617 | D18: =IF($G18="","",INDEX('Passages List'!F$3:F$65,MATCH($G18,'Passages List'!$E$3:$E$65,1))) -> 46067.4 | E18: =IF($G18="","",INDEX('Passages List'!G$3:G$65,MATCH($G18,'Passages List'!$E$3:$E$65,1))) -> Ballast | F18: Position report | G18: 46064.271 | H18: 20° 10.97' N | I18: 72° 21.20' E | J18: 43 B | K18: Noon At Sea | L18: 15:42 | M18: 42 | O18: 2.7 | P18: 0.8
A19: =IF($G19="","",INDEX('Passages List'!B$3:B$65,MATCH($G19,'Passages List'!$E$3:$E$65,1))) -> Hazira Port (Surat) Hbr (INHZA) | B19: =IF($G19="","",INDEX('Passages List'!C$3:C$65,MATCH($G19,'Passages List'!$E$3:$E$65,1))) -> Hazira Port (Surat) Hbr (INHZA) | C19: =IF($G19="","",INDEX('Passages List'!E$3:E$65,MATCH($G19,'Passages List'!$E$3:$E$65,1))) -> 46063.617 | D19: =IF($G19="","",INDEX('Passages List'!F$3:F$65,MATCH($G19,'Passages List'!$E$3:$E$65,1))) -> 46067.4 | E19: =IF($G19="","",INDEX('Passages List'!G$3:G$65,MATCH($G19,'Passages List'!$E$3:$E$65,1))) -> Ballast | F19: Position report | G19: 46065.271 | H19: 20° 02.51' N | I19: 72° 24.83' E | J19: 43 B | K19: Noon At Sea | L19: 24:00 | O19: 1.8 | P19: 1.4
A20: =IF($G20="","",INDEX('Passages List'!B$3:B$65,MATCH($G20,'Passages List'!$E$3:$E$65,1))) -> Hazira Port (Surat) Hbr (INHZA) | B20: =IF($G20="","",INDEX('Passages List'!C$3:C$65,MATCH($G20,'Passages List'!$E$3:$E$65,1))) -> Hazira Port (Surat) Hbr (INHZA) | C20: =IF($G20="","",INDEX('Passages List'!E$3:E$65,MATCH($G20,'Passages List'!$E$3:$E$65,1))) -> 46063.617 | D20: =IF($G20="","",INDEX('Passages List'!F$3:F$65,MATCH($G20,'Passages List'!$E$3:$E$65,1))) -> 46067.4 | E20: =IF($G20="","",INDEX('Passages List'!G$3:G$65,MATCH($G20,'Passages List'!$E$3:$E$65,1))) -> Ballast | F20: Position report in port | G20: 46066.271 | H20: 20° 52.64' N | I20: 72° 38.20' E | J20: 43 B | K20: Noon At Sea | L20: 24:00 | M20: 53 | O20: 2.5 | P20: 1.4
A21: =IF($G21="","",INDEX('Passages List'!B$3:B$65,MATCH($G21,'Passages List'!$E$3:$E$65,1))) -> Hazira Port (Surat) Hbr (INHZA) | B21: =IF($G21="","",INDEX('Passages List'!C$3:C$65,MATCH($G21,'Passages List'!$E$3:$E$65,1))) -> Hazira Port (Surat) Hbr (INHZA) | C21: =IF($G21="","",INDEX('Passages List'!E$3:E$65,MATCH($G21,'Passages List'!$E$3:$E$65,1))) -> 46063.617 | D21: =IF($G21="","",INDEX('Passages List'!F$3:F$65,MATCH($G21,'Passages List'!$E$3:$E$65,1))) -> 46067.4 | E21: =IF($G21="","",INDEX('Passages List'!G$3:G$65,MATCH($G21,'Passages List'!$E$3:$E$65,1))) -> Ballast | F21: Position report in port | G21: 46067.271 | H21: 20° 52.64' N | I21: 72° 38.20' E | J21: 43 B | K21: Noon At Sea | L21: 24:00 | O21: 1.7 | P21: 1.5
A22: =IF($G22="","",INDEX('Passages List'!B$3:B$65,MATCH($G22,'Passages List'!$E$3:$E$65,1))) | B22: =IF($G22="","",INDEX('Passages List'!C$3:C$65,MATCH($G22,'Passages List'!$E$3:$E$65,1))) -> Hazira Port (Surat) Hbr (INHZA) | C22: =IF($G22="","",INDEX('Passages List'!E$3:E$65,MATCH($G22,'Passages List'!$E$3:$E$65,1))) -> 46067.4 | D22: =IF($G22="","",INDEX('Passages List'!F$3:F$65,MATCH($G22,'Passages List'!$E$3:$E$65,1))) -> 46069.812 | E22: =IF($G22="","",INDEX('Passages List'!G$3:G$65,MATCH($G22,'Passages List'!$E$3:$E$65,1))) -> Cargo operations | F22: Arrival report | G22: 46067.4 | H22: 21° 05.14' N | I22: 72° 39.46' E | J22: 43 B | K22: EOSP | L22: 03:06 | M22: 14 | O22: 0.5 | P22: 0.2
A23: =IF($G23="","",INDEX('Passages List'!B$3:B$65,MATCH($G23,'Passages List'!$E$3:$E$65,1))) | B23: =IF($G23="","",INDEX('Passages List'!C$3:C$65,MATCH($G23,'Passages List'!$E$3:$E$65,1))) -> Hazira Port (Surat) Hbr (INHZA) | C23: =IF($G23="","",INDEX('Passages List'!E$3:E$65,MATCH($G23,'Passages List'!$E$3:$E$65,1))) -> 46067.4 | D23: =IF($G23="","",INDEX('Passages List'!F$3:F$65,MATCH($G23,'Passages List'!$E$3:$E$65,1))) -> 46069.812 | E23: =IF($G23="","",INDEX('Passages List'!G$3:G$65,MATCH($G23,'Passages List'!$E$3:$E$65,1))) -> Cargo operations | F23: Position report in port | G23: 46068.271 | H23: 21° 05.14' N | I23: 72° 39.46' E | J23: 43 B | L23: 20:54 | O23: 1.8 | P23: 1.3
A24: =IF($G24="","",INDEX('Passages List'!B$3:B$65,MATCH($G24,'Passages List'!$E$3:$E$65,1))) | B24: =IF($G24="","",INDEX('Passages List'!C$3:C$65,MATCH($G24,'Passages List'!$E$3:$E$65,1))) -> Hazira Port (Surat) Hbr (INHZA) | C24: =IF($G24="","",INDEX('Passages List'!E$3:E$65,MATCH($G24,'Passages List'!$E$3:$E$65,1))) -> 46067.4 | D24: =IF($G24="","",INDEX('Passages List'!F$3:F$65,MATCH($G24,'Passages List'!$E$3:$E$65,1))) -> 46069.812 | E24: =IF($G24="","",INDEX('Passages List'!G$3:G$65,MATCH($G24,'Passages List'!$E$3:$E$65,1))) -> Cargo operations | F24: Position report in port | G24: 46069.271 | H24: 21° 05.14' N | I24: 72° 39.46' E | J24: 43 B | L24: 24:00 | O24: 1.9 | P24: 1.5
A25: =IF($G25="","",INDEX('Passages List'!B$3:B$65,MATCH($G25,'Passages List'!$E$3:$E$65,1))) -> Hazira Port (Surat) Hbr (INHZA) | B25: =IF($G25="","",INDEX('Passages List'!C$3:C$65,MATCH($G25,'Passages List'!$E$3:$E$65,1))) -> New Mangalore (INNML) | C25: =IF($G25="","",INDEX('Passages List'!E$3:E$65,MATCH($G25,'Passages List'!$E$3:$E$65,1))) -> 46069.812 | D25: =IF($G25="","",INDEX('Passages List'!F$3:F$65,MATCH($G25,'Passages List'!$E$3:$E$65,1))) -> 46071.887 | E25: =IF($G25="","",INDEX('Passages List'!G$3:G$65,MATCH($G25,'Passages List'!$E$3:$E$65,1))) -> Cargo | F25: Departure report | G25: 46069.812 | H25: 21° 05.14' N | I25: 72° 36.49' E | J25: 43 L - 1 | L25: 13:00 | N25: 12535.9 | O25: 0.9 | P25: 0.9
A26: =IF($G26="","",INDEX('Passages List'!B$3:B$65,MATCH($G26,'Passages List'!$E$3:$E$65,1))) -> Hazira Port (Surat) Hbr (INHZA) | B26: =IF($G26="","",INDEX('Passages List'!C$3:C$65,MATCH($G26,'Passages List'!$E$3:$E$65,1))) -> New Mangalore (INNML) | C26: =IF($G26="","",INDEX('Passages List'!E$3:E$65,MATCH($G26,'Passages List'!$E$3:$E$65,1))) -> 46069.812 | D26: =IF($G26="","",INDEX('Passages List'!F$3:F$65,MATCH($G26,'Passages List'!$E$3:$E$65,1))) -> 46071.887 | E26: =IF($G26="","",INDEX('Passages List'!G$3:G$65,MATCH($G26,'Passages List'!$E$3:$E$65,1))) -> Cargo | F26: Position report | G26: 46069.875 | H26: 20° 57.82' N | I26: 72° 33.19' E | J26: 43 L - 1 | K26: COSP | L26: 01:30 | M26: 11.2 | O26: 0.7 | P26: 0.1
A27: =IF($G27="","",INDEX('Passages List'!B$3:B$65,MATCH($G27,'Passages List'!$E$3:$E$65,1))) -> Hazira Port (Surat) Hbr (INHZA) | B27: =IF($G27="","",INDEX('Passages List'!C$3:C$65,MATCH($G27,'Passages List'!$E$3:$E$65,1))) -> New Mangalore (INNML) | C27: =IF($G27="","",INDEX('Passages List'!E$3:E$65,MATCH($G27,'Passages List'!$E$3:$E$65,1))) -> 46069.812 | D27: =IF($G27="","",INDEX('Passages List'!F$3:F$65,MATCH($G27,'Passages List'!$E$3:$E$65,1))) -> 46071.887 | E27: =IF($G27="","",INDEX('Passages List'!G$3:G$65,MATCH($G27,'Passages List'!$E$3:$E$65,1))) -> Cargo | F27: Position report | G27: 46070.271 | H27: 19° 08.34' N | I27: 72° 27.76' E | J27: 43 L - 1 | K27: Noon At Sea | L27: 09:30 | M27: 112 | O27: 5.1 | P27: 0.1
A28: =IF($G28="","",INDEX('Passages List'!B$3:B$65,MATCH($G28,'Passages List'!$E$3:$E$65,1))) -> Hazira Port (Surat) Hbr (INHZA) | B28: =IF($G28="","",INDEX('Passages List'!C$3:C$65,MATCH($G28,'Passages List'!$E$3:$E$65,1))) -> New Mangalore (INNML) | C28: =IF($G28="","",INDEX('Passages List'!E$3:E$65,MATCH($G28,'Passages List'!$E$3:$E$65,1))) -> 46069.812 | D28: =IF($G28="","",INDEX('Passages List'!F$3:F$65,MATCH($G28,'Passages List'!$E$3:$E$65,1))) -> 46071.887 | E28: =IF($G28="","",INDEX('Passages List'!G$3:G$65,MATCH($G28,'Passages List'!$E$3:$E$65,1))) -> Cargo | F28: Position report | G28: 46071.271 | H28: 14° 49.63' N | I28: 73° 32.66' E | J28: 43 L - 1 | K28: Noon At Sea | L28: 24:00 | M28: 266 | O28: 15.9 | P28: 0.1
A29: =IF($G29="","",INDEX('Passages List'!B$3:B$65,MATCH($G29,'Passages List'!$E$3:$E$65,1))) -> Hazira Port (Surat) Hbr (INHZA) | B29: =IF($G29="","",INDEX('Passages List'!C$3:C$65,MATCH($G29,'Passages List'!$E$3:$E$65,1))) -> New Mangalore (INNML) | C29: =IF($G29="","",INDEX('Passages List'!E$3:E$65,MATCH($G29,'Passages List'!$E$3:$E$65,1))) -> 46069.812 | D29: =IF($G29="","",INDEX('Passages List'!F$3:F$65,MATCH($G29,'Passages List'!$E$3:$E$65,1))) -> 46071.887 | E29: =IF($G29="","",INDEX('Passages List'!G$3:G$65,MATCH($G29,'Passages List'!$E$3:$E$65,1))) -> Cargo | F29: Position report | G29: 46071.771 | H29: 12° 57.92' N | I29: 74° 29.21' E | J29: 43 L - 1 | K29: Noon At Sea | L29: 12:00 | M29: 132 | O29: 7 | P29: 0.1
A30: =IF($G30="","",INDEX('Passages List'!B$3:B$65,MATCH($G30,'Passages List'!$E$3:$E$65,1))) | B30: =IF($G30="","",INDEX('Passages List'!C$3:C$65,MATCH($G30,'Passages List'!$E$3:$E$65,1))) -> New Mangalore (INNML) | C30: =IF($G30="","",INDEX('Passages List'!E$3:E$65,MATCH($G30,'Passages List'!$E$3:$E$65,1))) -> 46071.887 | D30: =IF($G30="","",INDEX('Passages List'!F$3:F$65,MATCH($G30,'Passages List'!$E$3:$E$65,1))) -> 46072.579 | E30: =IF($G30="","",INDEX('Passages List'!G$3:G$65,MATCH($G30,'Passages List'!$E$3:$E$65,1))) -> Cargo operations | F30: Arrival report | G30: 46071.887 | H30: 12° 55.89' N | I30: 74° 49.03' E | J30: 43 L - 1 | K30: EOSP | L30: 02:48 | M30: 20 | N30: 12535.9 | O30: 0.7 | P30: 0.2
A31: =IF($G31="","",INDEX('Passages List'!B$3:B$65,MATCH($G31,'Passages List'!$E$3:$E$65,1))) | B31: =IF($G31="","",INDEX('Passages List'!C$3:C$65,MATCH($G31,'Passages List'!$E$3:$E$65,1))) -> New Mangalore (INNML) | C31: =IF($G31="","",INDEX('Passages List'!E$3:E$65,MATCH($G31,'Passages List'!$E$3:$E$65,1))) -> 46071.887 | D31: =IF($G31="","",INDEX('Passages List'!F$3:F$65,MATCH($G31,'Passages List'!$E$3:$E$65,1))) -> 46072.579 | E31: =IF($G31="","",INDEX('Passages List'!G$3:G$65,MATCH($G31,'Passages List'!$E$3:$E$65,1))) -> Cargo operations | F31: Position report in port | G31: 46072.271 | H31: 12° 55.89' N | I31: 74° 49.03' E | J31: 43 L - 1 | L31: 09:12 | O31: 0.8 | P31: 0.6
A32: =IF($G32="","",INDEX('Passages List'!B$3:B$65,MATCH($G32,'Passages List'!$E$3:$E$65,1))) -> New Mangalore (INNML) | B32: =IF($G32="","",INDEX('Passages List'!C$3:C$65,MATCH($G32,'Passages List'!$E$3:$E$65,1))) -> Chennai (ex Madras) (INMAA) | C32: =IF($G32="","",INDEX('Passages List'!E$3:E$65,MATCH($G32,'Passages List'!$E$3:$E$65,1))) -> 46072.579 | D32: =IF($G32="","",INDEX('Passages List'!F$3:F$65,MATCH($G32,'Passages List'!$E$3:$E$65,1))) -> 46076.983 | E32: =IF($G32="","",INDEX('Passages List'!G$3:G$65,MATCH($G32,'Passages List'!$E$3:$E$65,1))) -> Cargo | F32: Departure report | G32: 46072.579 | H32: 12° 55.89' N | I32: 74° 49.03' E | J32: 43 L - 2 | L32: 07:24 | N32: 10165.2 | O32: 0.7 | P32: 0.5
A33: =IF($G33="","",INDEX('Passages List'!B$3:B$65,MATCH($G33,'Passages List'!$E$3:$E$65,1))) -> New Mangalore (INNML) | B33: =IF($G33="","",INDEX('Passages List'!C$3:C$65,MATCH($G33,'Passages List'!$E$3:$E$65,1))) -> Chennai (ex Madras) (INMAA) | C33: =IF($G33="","",INDEX('Passages List'!E$3:E$65,MATCH($G33,'Passages List'!$E$3:$E$65,1))) -> 46072.579 | D33: =IF($G33="","",INDEX('Passages List'!F$3:F$65,MATCH($G33,'Passages List'!$E$3:$E$65,1))) -> 46076.983 | E33: =IF($G33="","",INDEX('Passages List'!G$3:G$65,MATCH($G33,'Passages List'!$E$3:$E$65,1))) -> Cargo | F33: Position report | G33: 46072.625 | H33: 12° 53.52' N | I33: 74° 44.64' E | J33: 43 L - 2 | K33: COSP | L33: 01:06 | M33: 7 | O33: 0.5 | P33: 0.1
A34: =IF($G34="","",INDEX('Passages List'!B$3:B$65,MATCH($G34,'Passages List'!$E$3:$E$65,1))) -> New Mangalore (INNML) | B34: =IF($G34="","",INDEX('Passages List'!C$3:C$65,MATCH($G34,'Passages List'!$E$3:$E$65,1))) -> Chennai (ex Madras) (INMAA) | C34: =IF($G34="","",INDEX('Passages List'!E$3:E$65,MATCH($G34,'Passages List'!$E$3:$E$65,1))) -> 46072.579 | D34: =IF($G34="","",INDEX('Passages List'!F$3:F$65,MATCH($G34,'Passages List'!$E$3:$E$65,1))) -> 46076.983 | E34: =IF($G34="","",INDEX('Passages List'!G$3:G$65,MATCH($G34,'Passages List'!$E$3:$E$65,1))) -> Cargo | F34: Position report | G34: 46073.271 | H34: 10° 10.90' N | I34: 75° 11.17' E | J34: 43 L - 2 | K34: Noon At Sea | L34: 15:30 | M34: 173 | O34: 9.6 | P34: 0.1
A35: =IF($G35="","",INDEX('Passages List'!B$3:B$65,MATCH($G35,'Passages List'!$E$3:$E$65,1))) -> New Mangalore (INNML) | B35: =IF($G35="","",INDEX('Passages List'!C$3:C$65,MATCH($G35,'Passages List'!$E$3:$E$65,1))) -> Chennai (ex Madras) (INMAA) | C35: =IF($G35="","",INDEX('Passages List'!E$3:E$65,MATCH($G35,'Passages List'!$E$3:$E$65,1))) -> 46072.579 | D35: =IF($G35="","",INDEX('Passages List'!F$3:F$65,MATCH($G35,'Passages List'!$E$3:$E$65,1))) -> 46076.983 | E35: =IF($G35="","",INDEX('Passages List'!G$3:G$65,MATCH($G35,'Passages List'!$E$3:$E$65,1))) -> Cargo | F35: Position report | G35: 46074.271 | H35: 6° 57.64' N | I35: 78° 13.14' E | J35: 43 L - 2 | K35: Noon At Sea | L35: 24:00 | M35: 272 | O35: 14.9 | P35: 0.1
A36: =IF($G36="","",INDEX('Passages List'!B$3:B$65,MATCH($G36,'Passages List'!$E$3:$E$65,1))) -> New Mangalore (INNML) | B36: =IF($G36="","",INDEX('Passages List'!C$3:C$65,MATCH($G36,'Passages List'!$E$3:$E$65,1))) -> Chennai (ex Madras) (INMAA) | C36: =IF($G36="","",INDEX('Passages List'!E$3:E$65,MATCH($G36,'Passages List'!$E$3:$E$65,1))) -> 46072.579 | D36: =IF($G36="","",INDEX('Passages List'!F$3:F$65,MATCH($G36,'Passages List'!$E$3:$E$65,1))) -> 46076.983 | E36: =IF($G36="","",INDEX('Passages List'!G$3:G$65,MATCH($G36,'Passages List'!$E$3:$E$65,1))) -> Cargo | F36: Position report | G36: 46075.271 | H36: 6° 25.03' N | I36: 81° 58.45' E | J36: 43 L - 2 | K36: Noon At Sea | L36: 24:00 | M36: 265 | O36: 14.9 | P36: 0.1
A37: =IF($G37="","",INDEX('Passages List'!B$3:B$65,MATCH($G37,'Passages List'!$E$3:$E$65,1))) -> New Mangalore (INNML) | B37: =IF($G37="","",INDEX('Passages List'!C$3:C$65,MATCH($G37,'Passages List'!$E$3:$E$65,1))) -> Chennai (ex Madras) (INMAA) | C37: =IF($G37="","",INDEX('Passages List'!E$3:E$65,MATCH($G37,'Passages List'!$E$3:$E$65,1))) -> 46072.579 | D37: =IF($G37="","",INDEX('Passages List'!F$3:F$65,MATCH($G37,'Passages List'!$E$3:$E$65,1))) -> 46076.983 | E37: =IF($G37="","",INDEX('Passages List'!G$3:G$65,MATCH($G37,'Passages List'!$E$3:$E$65,1))) -> Cargo | F37: Position report | G37: 46076.271 | H37: 10° 29.77' N | I37: 81° 28.36' E | J37: 43 L - 2 | K37: Noon At Sea | L37: 24:00 | M37: 259 | O37: 14.9 | P37: 0.1
A38: =IF($G38="","",INDEX('Passages List'!B$3:B$65,MATCH($G38,'Passages List'!$E$3:$E$65,1))) -> New Mangalore (INNML) | B38: =IF($G38="","",INDEX('Passages List'!C$3:C$65,MATCH($G38,'Passages List'!$E$3:$E$65,1))) -> Chennai (ex Madras) (INMAA) | C38: =IF($G38="","",INDEX('Passages List'!E$3:E$65,MATCH($G38,'Passages List'!$E$3:$E$65,1))) -> 46072.579 | D38: =IF($G38="","",INDEX('Passages List'!F$3:F$65,MATCH($G38,'Passages List'!$E$3:$E$65,1))) -> 46076.983 | E38: =IF($G38="","",INDEX('Passages List'!G$3:G$65,MATCH($G38,'Passages List'!$E$3:$E$65,1))) -> Cargo | F38: Position report | G38: 46076.867 | H38: 13° 00.55' N | I38: 80° 31.32' E | J38: 43 L - 2 | K38: Noon At Sea | L38: 14:18 | M38: 165 | O38: 7.9 | P38: 0.1
A39: =IF($G39="","",INDEX('Passages List'!B$3:B$65,MATCH($G39,'Passages List'!$E$3:$E$65,1))) | B39: =IF($G39="","",INDEX('Passages List'!C$3:C$65,MATCH($G39,'Passages List'!$E$3:$E$65,1))) -> Chennai (ex Madras) (INMAA) | C39: =IF($G39="","",INDEX('Passages List'!E$3:E$65,MATCH($G39,'Passages List'!$E$3:$E$65,1))) -> 46076.983 | D39: =IF($G39="","",INDEX('Passages List'!F$3:F$65,MATCH($G39,'Passages List'!$E$3:$E$65,1))) -> 46078.325 | E39: =IF($G39="","",INDEX('Passages List'!G$3:G$65,MATCH($G39,'Passages List'!$E$3:$E$65,1))) -> Cargo operations | F39: Arrival report | G39: 46076.983 | H39: 13° 05.21' N | I39: 80° 17.63' E | J39: 43 L - 2 | K39: EOSP | L39: 02:48 | M39: 14 | N39: 10165.2 | O39: 0.7 | P39: 0.2
A40: =IF($G40="","",INDEX('Passages List'!B$3:B$65,MATCH($G40,'Passages List'!$E$3:$E$65,1))) | B40: =IF($G40="","",INDEX('Passages List'!C$3:C$65,MATCH($G40,'Passages List'!$E$3:$E$65,1))) -> Chennai (ex Madras) (INMAA) | C40: =IF($G40="","",INDEX('Passages List'!E$3:E$65,MATCH($G40,'Passages List'!$E$3:$E$65,1))) -> 46076.983 | D40: =IF($G40="","",INDEX('Passages List'!F$3:F$65,MATCH($G40,'Passages List'!$E$3:$E$65,1))) -> 46078.325 | E40: =IF($G40="","",INDEX('Passages List'!G$3:G$65,MATCH($G40,'Passages List'!$E$3:$E$65,1))) -> Cargo operations | F40: Position report in port | G40: 46077.271 | H40: 13° 05.21' N | I40: 80° 17.63' E | J40: 43 L - 2 | L40: 06:54 | O40: 0.6 | P40: 0.4
A41: =IF($G41="","",INDEX('Passages List'!B$3:B$65,MATCH($G41,'Passages List'!$E$3:$E$65,1))) | B41: =IF($G41="","",INDEX('Passages List'!C$3:C$65,MATCH($G41,'Passages List'!$E$3:$E$65,1))) -> Chennai (ex Madras) (INMAA) | C41: =IF($G41="","",INDEX('Passages List'!E$3:E$65,MATCH($G41,'Passages List'!$E$3:$E$65,1))) -> 46076.983 | D41: =IF($G41="","",INDEX('Passages List'!F$3:F$65,MATCH($G41,'Passages List'!$E$3:$E$65,1))) -> 46078.325 | E41: =IF($G41="","",INDEX('Passages List'!G$3:G$65,MATCH($G41,'Passages List'!$E$3:$E$65,1))) -> Cargo operations | F41: Position report in port | G41: 46078.271 | H41: 13° 05.21' N | I41: 80° 17.63' E | J41: 43 L - 2 | L41: 24:00 | O41: 2 | P41: 1.5
A42: =IF($G42="","",INDEX('Passages List'!B$3:B$65,MATCH($G42,'Passages List'!$E$3:$E$65,1))) -> Chennai (ex Madras) (INMAA) | B42: =IF($G42="","",INDEX('Passages List'!C$3:C$65,MATCH($G42,'Passages List'!$E$3:$E$65,1))) -> Hazira Port (Surat) Hbr (INHZA) | C42: =IF($G42="","",INDEX('Passages List'!E$3:E$65,MATCH($G42,'Passages List'!$E$3:$E$65,1))) -> 46078.325 | D42: =IF($G42="","",INDEX('Passages List'!F$3:F$65,MATCH($G42,'Passages List'!$E$3:$E$65,1))) -> 46085.471 | E42: =IF($G42="","",INDEX('Passages List'!G$3:G$65,MATCH($G42,'Passages List'!$E$3:$E$65,1))) -> Ballast | F42: Departure report | G42: 46078.325 | H42: 13° 06.54' N | I42: 80° 22.11' E | J42: 44 B | L42: 01:18 | O42: 0.1 | P42: 0.1
A43: =IF($G43="","",INDEX('Passages List'!B$3:B$65,MATCH($G43,'Passages List'!$E$3:$E$65,1))) -> Chennai (ex Madras) (INMAA) | B43: =IF($G43="","",INDEX('Passages List'!C$3:C$65,MATCH($G43,'Passages List'!$E$3:$E$65,1))) -> Hazira Port (Surat) Hbr (INHZA) | C43: =IF($G43="","",INDEX('Passages List'!E$3:E$65,MATCH($G43,'Passages List'!$E$3:$E$65,1))) -> 46078.325 | D43: =IF($G43="","",INDEX('Passages List'!F$3:F$65,MATCH($G43,'Passages List'!$E$3:$E$65,1))) -> 46085.471 | E43: =IF($G43="","",INDEX('Passages List'!G$3:G$65,MATCH($G43,'Passages List'!$E$3:$E$65,1))) -> Ballast | F43: Position report | G43: 46078.375 | H43: 13° 06.54' N | I43: 80° 22.11' E | J43: 44 B | K43: COSP | L43: 01:12 | M43: 5 | O43: 0.4
A44: =IF($G44="","",INDEX('Passages List'!B$3:B$65,MATCH($G44,'Passages List'!$E$3:$E$65,1))) -> Chennai (ex Madras) (INMAA) | B44: =IF($G44="","",INDEX('Passages List'!C$3:C$65,MATCH($G44,'Passages List'!$E$3:$E$65,1))) -> Hazira Port (Surat) Hbr (INHZA) | C44: =IF($G44="","",INDEX('Passages List'!E$3:E$65,MATCH($G44,'Passages List'!$E$3:$E$65,1))) -> 46078.325 | D44: =IF($G44="","",INDEX('Passages List'!F$3:F$65,MATCH($G44,'Passages List'!$E$3:$E$65,1))) -> 46085.471 | E44: =IF($G44="","",INDEX('Passages List'!G$3:G$65,MATCH($G44,'Passages List'!$E$3:$E$65,1))) -> Ballast | F44: Position report | G44: 46079.271 | H44: 9° 23.25' N | I44: 81° 56.40' E | J44: 44 B | K44: Noon At Sea | L44: 21:30 | M44: 248 | O44: 12.1
A45: =IF($G45="","",INDEX('Passages List'!B$3:B$65,MATCH($G45,'Passages List'!$E$3:$E$65,1))) -> Chennai (ex Madras) (INMAA) | B45: =IF($G45="","",INDEX('Passages List'!C$3:C$65,MATCH($G45,'Passages List'!$E$3:$E$65,1))) -> Hazira Port (Surat) Hbr (INHZA) | C45: =IF($G45="","",INDEX('Passages List'!E$3:E$65,MATCH($G45,'Passages List'!$E$3:$E$65,1))) -> 46078.325 | D45: =IF($G45="","",INDEX('Passages List'!F$3:F$65,MATCH($G45,'Passages List'!$E$3:$E$65,1))) -> 46085.471 | E45: =IF($G45="","",INDEX('Passages List'!G$3:G$65,MATCH($G45,'Passages List'!$E$3:$E$65,1))) -> Ballast | F45: Position report | G45: 46080.271 | H45: 5° 49.19' N | I45: 80° 01.54' E | J45: 44 B | K45: Noon At Sea | L45: 24:00 | M45: 288 | O45: 15
A46: =IF($G46="","",INDEX('Passages List'!B$3:B$65,MATCH($G46,'Passages List'!$E$3:$E$65,1))) -> Chennai (ex Madras) (INMAA) | B46: =IF($G46="","",INDEX('Passages List'!C$3:C$65,MATCH($G46,'Passages List'!$E$3:$E$65,1))) -> Hazira Port (Surat) Hbr (INHZA) | C46: =IF($G46="","",INDEX('Passages List'!E$3:E$65,MATCH($G46,'Passages List'!$E$3:$E$65,1))) -> 46078.325 | D46: =IF($G46="","",INDEX('Passages List'!F$3:F$65,MATCH($G46,'Passages List'!$E$3:$E$65,1))) -> 46085.471 | E46: =IF($G46="","",INDEX('Passages List'!G$3:G$65,MATCH($G46,'Passages List'!$E$3:$E$65,1))) -> Ballast | F46: Position report | G46: 46081.271 | H46: 8° 32.15' N | I46: 76° 08.44' E | J46: 44 B | K46: Noon At Sea | L46: 24:00 | M46: 284 | O46: 14.8
A47: =IF($G47="","",INDEX('Passages List'!B$3:B$65,MATCH($G47,'Passages List'!$E$3:$E$65,1))) -> Chennai (ex Madras) (INMAA) | B47: =IF($G47="","",INDEX('Passages List'!C$3:C$65,MATCH($G47,'Passages List'!$E$3:$E$65,1))) -> Hazira Port (Surat) Hbr (INHZA) | C47: =IF($G47="","",INDEX('Passages List'!E$3:E$65,MATCH($G47,'Passages List'!$E$3:$E$65,1))) -> 46078.325 | D47: =IF($G47="","",INDEX('Passages List'!F$3:F$65,MATCH($G47,'Passages List'!$E$3:$E$65,1))) -> 46085.471 | E47: =IF($G47="","",INDEX('Passages List'!G$3:G$65,MATCH($G47,'Passages List'!$E$3:$E$65,1))) -> Ballast | F47: Position report | G47: 46082.271 | H47: 12° 35.86' N | I47: 73° 50.42' E | J47: 44 B | K47: Noon At Sea | L47: 24:00 | M47: 278 | O47: 14.8
A48: =IF($G48="","",INDEX('Passages List'!B$3:B$65,MATCH($G48,'Passages List'!$E$3:$E$65,1))) -> Chennai (ex Madras) (INMAA) | B48: =IF($G48="","",INDEX('Passages List'!C$3:C$65,MATCH($G48,'Passages List'!$E$3:$E$65,1))) -> Hazira Port (Surat) Hbr (INHZA) | C48: =IF($G48="","",INDEX('Passages List'!E$3:E$65,MATCH($G48,'Passages List'!$E$3:$E$65,1))) -> 46078.325 | D48: =IF($G48="","",INDEX('Passages List'!F$3:F$65,MATCH($G48,'Passages List'!$E$3:$E$65,1))) -> 46085.471 | E48: =IF($G48="","",INDEX('Passages List'!G$3:G$65,MATCH($G48,'Passages List'!$E$3:$E$65,1))) -> Ballast | F48: Position report | G48: 46083.271 | H48: 17° 08.25' N | I48: 72° 39.67' E | J48: 44 B | K48: Noon At Sea | L48: 24:00 | M48: 287 | O48: 14.8 | P48: 0.1
A49: =IF($G49="","",INDEX('Passages List'!B$3:B$65,MATCH($G49,'Passages List'!$E$3:$E$65,1))) -> Chennai (ex Madras) (INMAA) | B49: =IF($G49="","",INDEX('Passages List'!C$3:C$65,MATCH($G49,'Passages List'!$E$3:$E$65,1))) -> Hazira Port (Surat) Hbr (INHZA) | C49: =IF($G49="","",INDEX('Passages List'!E$3:E$65,MATCH($G49,'Passages List'!$E$3:$E$65,1))) -> 46078.325 | D49: =IF($G49="","",INDEX('Passages List'!F$3:F$65,MATCH($G49,'Passages List'!$E$3:$E$65,1))) -> 46085.471 | E49: =IF($G49="","",INDEX('Passages List'!G$3:G$65,MATCH($G49,'Passages List'!$E$3:$E$65,1))) -> Ballast | F49: Position report | G49: 46084.021 | H49: 20° 48.33' N | I49: 72° 37.27' E | J49: 44 B | K49: Noon At Sea | L49: 18:00 | M49: 211 | O49: 11.2
A50: =IF($G50="","",INDEX('Passages List'!B$3:B$65,MATCH($G50,'Passages List'!$E$3:$E$65,1))) -> Chennai (ex Madras) (INMAA) | B50: =IF($G50="","",INDEX('Passages List'!C$3:C$65,MATCH($G50,'Passages List'!$E$3:$E$65,1))) -> Hazira Port (Surat) Hbr (INHZA) | C50: =IF($G50="","",INDEX('Passages List'!E$3:E$65,MATCH($G50,'Passages List'!$E$3:$E$65,1))) -> 46078.325 | D50: =IF($G50="","",INDEX('Passages List'!F$3:F$65,MATCH($G50,'Passages List'!$E$3:$E$65,1))) -> 46085.471 | E50: =IF($G50="","",INDEX('Passages List'!G$3:G$65,MATCH($G50,'Passages List'!$E$3:$E$65,1))) -> Ballast | F50: Position report in port | G50: 46084.271 | H50: 20° 48.33' N | I50: 72° 37.27' E | J50: 44 B | K50: EOSP | L50: 06:00 | M50: 11 | O50: 1 | P50: 0.3
A51: =IF($G51="","",INDEX('Passages List'!B$3:B$65,MATCH($G51,'Passages List'!$E$3:$E$65,1))) -> Chennai (ex Madras) (INMAA) | B51: =IF($G51="","",INDEX('Passages List'!C$3:C$65,MATCH($G51,'Passages List'!$E$3:$E$65,1))) -> Hazira Port (Surat) Hbr (INHZA) | C51: =IF($G51="","",INDEX('Passages List'!E$3:E$65,MATCH($G51,'Passages List'!$E$3:$E$65,1))) -> 46078.325 | D51: =IF($G51="","",INDEX('Passages List'!F$3:F$65,MATCH($G51,'Passages List'!$E$3:$E$65,1))) -> 46085.471 | E51: =IF($G51="","",INDEX('Passages List'!G$3:G$65,MATCH($G51,'Passages List'!$E$3:$E$65,1))) -> Ballast | F51: Position report in port | G51: 46085.271 | H51: 20° 48.33' N | I51: 72° 37.27' E | J51: 44 B | L51: 24:00 | O51: 1.8 | P51: 1.5
A52: =IF($G52="","",INDEX('Passages List'!B$3:B$65,MATCH($G52,'Passages List'!$E$3:$E$65,1))) | B52: =IF($G52="","",INDEX('Passages List'!C$3:C$65,MATCH($G52,'Passages List'!$E$3:$E$65,1))) -> Hazira Port (Surat) Hbr (INHZA) | C52: =IF($G52="","",INDEX('Passages List'!E$3:E$65,MATCH($G52,'Passages List'!$E$3:$E$65,1))) -> 46085.471 | D52: =IF($G52="","",INDEX('Passages List'!F$3:F$65,MATCH($G52,'Passages List'!$E$3:$E$65,1))) -> 46087.938 | E52: =IF($G52="","",INDEX('Passages List'!G$3:G$65,MATCH($G52,'Passages List'!$E$3:$E$65,1))) -> Cargo operations | F52: Arrival report | G52: 46085.471 | H52: 21° 05.17' N | I52: 72° 39.46' E | J52: 44 B | L52: 04:48 | M52: 21 | O52: 0.7 | P52: 0.2
A53: =IF($G53="","",INDEX('Passages List'!B$3:B$65,MATCH($G53,'Passages List'!$E$3:$E$65,1))) | B53: =IF($G53="","",INDEX('Passages List'!C$3:C$65,MATCH($G53,'Passages List'!$E$3:$E$65,1))) -> Hazira Port (Surat) Hbr (INHZA) | C53: =IF($G53="","",INDEX('Passages List'!E$3:E$65,MATCH($G53,'Passages List'!$E$3:$E$65,1))) -> 46085.471 | D53: =IF($G53="","",INDEX('Passages List'!F$3:F$65,MATCH($G53,'Passages List'!$E$3:$E$65,1))) -> 46087.938 | E53: =IF($G53="","",INDEX('Passages List'!G$3:G$65,MATCH($G53,'Passages List'!$E$3:$E$65,1))) -> Cargo operations | F53: Position report in port | G53: 46086.271 | H53: 21° 05.17' N | I53: 72° 39.46' E | J53: 44 B | L53: 19:12 | O53: 1.7 | P53: 1.2
A54: =IF($G54="","",INDEX('Passages List'!B$3:B$65,MATCH($G54,'Passages List'!$E$3:$E$65,1))) | B54: =IF($G54="","",INDEX('Passages List'!C$3:C$65,MATCH($G54,'Passages List'!$E$3:$E$65,1))) -> Hazira Port (Surat) Hbr (INHZA) | C54: =IF($G54="","",INDEX('Passages List'!E$3:E$65,MATCH($G54,'Passages List'!$E$3:$E$65,1))) -> 46085.471 | D54: =IF($G54="","",INDEX('Passages List'!F$3:F$65,MATCH($G54,'Passages List'!$E$3:$E$65,1))) -> 46087.938 | E54: =IF($G54="","",INDEX('Passages List'!G$3:G$65,MATCH($G54,'Passages List'!$E$3:$E$65,1))) -> Cargo operations | F54: Position report in port | G54: 46087.271 | H54: 21° 05.17' N | I54: 72° 39.46' E | J54: 44 B | L54: 24:00 | O54: 1.9 | P54: 1.3
A55: =IF($G55="","",INDEX('Passages List'!B$3:B$65,MATCH($G55,'Passages List'!$E$3:$E$65,1))) -> Hazira Port (Surat) Hbr (INHZA) | B55: =IF($G55="","",INDEX('Passages List'!C$3:C$65,MATCH($G55,'Passages List'!$E$3:$E$65,1))) -> Pir Pau (INBOM) | C55: =IF($G55="","",INDEX('Passages List'!E$3:E$65,MATCH($G55,'Passages List'!$E$3:$E$65,1))) -> 46087.938 | D55: =IF($G55="","",INDEX('Passages List'!F$3:F$65,MATCH($G55,'Passages List'!$E$3:$E$65,1))) -> 46088.904 | E55: =IF($G55="","",INDEX('Passages List'!G$3:G$65,MATCH($G55,'Passages List'!$E$3:$E$65,1))) -> Cargo | F55: Departure report | G55: 46087.938 | H55: 21° 05.17' N | I55: 72° 39.46' E | J55: 44 L | L55: 16:00 | N55: 9017.9 | O55: 1.2 | P55: 0.9
A56: =IF($G56="","",INDEX('Passages List'!B$3:B$65,MATCH($G56,'Passages List'!$E$3:$E$65,1))) -> Hazira Port (Surat) Hbr (INHZA) | B56: =IF($G56="","",INDEX('Passages List'!C$3:C$65,MATCH($G56,'Passages List'!$E$3:$E$65,1))) -> Pir Pau (INBOM) | C56: =IF($G56="","",INDEX('Passages List'!E$3:E$65,MATCH($G56,'Passages List'!$E$3:$E$65,1))) -> 46087.938 | D56: =IF($G56="","",INDEX('Passages List'!F$3:F$65,MATCH($G56,'Passages List'!$E$3:$E$65,1))) -> 46088.904 | E56: =IF($G56="","",INDEX('Passages List'!G$3:G$65,MATCH($G56,'Passages List'!$E$3:$E$65,1))) -> Cargo | F56: Position report | G56: 46088 | H56: 20° 55.15' N | I56: 72° 36.66' E | J56: 44 L | K56: COSP | L56: 01:30 | M56: 12.8 | O56: 0.6
A57: =IF($G57="","",INDEX('Passages List'!B$3:B$65,MATCH($G57,'Passages List'!$E$3:$E$65,1))) -> Hazira Port (Surat) Hbr (INHZA) | B57: =IF($G57="","",INDEX('Passages List'!C$3:C$65,MATCH($G57,'Passages List'!$E$3:$E$65,1))) -> Pir Pau (INBOM) | C57: =IF($G57="","",INDEX('Passages List'!E$3:E$65,MATCH($G57,'Passages List'!$E$3:$E$65,1))) -> 46087.938 | D57: =IF($G57="","",INDEX('Passages List'!F$3:F$65,MATCH($G57,'Passages List'!$E$3:$E$65,1))) -> 46088.904 | E57: =IF($G57="","",INDEX('Passages List'!G$3:G$65,MATCH($G57,'Passages List'!$E$3:$E$65,1))) -> Cargo | F57: Position report | G57: 46088.271 | H57: 0° 00.00' N | I57: 0° 00.00' E | J57: 44 L | K57: Noon At Sea | L57: 06:30 | M57: 75 | O57: 3.6
A58: =IF($G58="","",INDEX('Passages List'!B$3:B$65,MATCH($G58,'Passages List'!$E$3:$E$65,1))) -> Hazira Port (Surat) Hbr (INHZA) | B58: =IF($G58="","",INDEX('Passages List'!C$3:C$65,MATCH($G58,'Passages List'!$E$3:$E$65,1))) -> Pir Pau (INBOM) | C58: =IF($G58="","",INDEX('Passages List'!E$3:E$65,MATCH($G58,'Passages List'!$E$3:$E$65,1))) -> 46087.938 | D58: =IF($G58="","",INDEX('Passages List'!F$3:F$65,MATCH($G58,'Passages List'!$E$3:$E$65,1))) -> 46088.904 | E58: =IF($G58="","",INDEX('Passages List'!G$3:G$65,MATCH($G58,'Passages List'!$E$3:$E$65,1))) -> Cargo | F58: Position report | G58: 46088.396 | H58: 19° 01.14' N | I58: 72° 29.32' E | J58: 44 L | K58: Noon At Sea | L58: 03:00 | M58: 33 | O58: 1.5
A59: =IF($G59="","",INDEX('Passages List'!B$3:B$65,MATCH($G59,'Passages List'!$E$3:$E$65,1))) | B59: =IF($G59="","",INDEX('Passages List'!C$3:C$65,MATCH($G59,'Passages List'!$E$3:$E$65,1))) -> Pir Pau (INBOM) | C59: =IF($G59="","",INDEX('Passages List'!E$3:E$65,MATCH($G59,'Passages List'!$E$3:$E$65,1))) -> 46088.904 | D59: =IF($G59="","",INDEX('Passages List'!F$3:F$65,MATCH($G59,'Passages List'!$E$3:$E$65,1))) -> 46090.099 | E59: =IF($G59="","",INDEX('Passages List'!G$3:G$65,MATCH($G59,'Passages List'!$E$3:$E$65,1))) -> Cargo operations | F59: Arrival report | G59: 46088.904 | H59: 18° 57.01' N | I59: 72° 56.79' E | J59: 44 L | K59: EOSP | L59: 12:12 | M59: 21.5 | N59: 9017.9 | O59: 1.7 | P59: 0.3
A60: =IF($G60="","",INDEX('Passages List'!B$3:B$65,MATCH($G60,'Passages List'!$E$3:$E$65,1))) | B60: =IF($G60="","",INDEX('Passages List'!C$3:C$65,MATCH($G60,'Passages List'!$E$3:$E$65,1))) -> Pir Pau (INBOM) | C60: =IF($G60="","",INDEX('Passages List'!E$3:E$65,MATCH($G60,'Passages List'!$E$3:$E$65,1))) -> 46088.904 | D60: =IF($G60="","",INDEX('Passages List'!F$3:F$65,MATCH($G60,'Passages List'!$E$3:$E$65,1))) -> 46090.099 | E60: =IF($G60="","",INDEX('Passages List'!G$3:G$65,MATCH($G60,'Passages List'!$E$3:$E$65,1))) -> Cargo operations | F60: Position report in port | G60: 46089.271 | H60: 18° 57.01' N | I60: 72° 56.79' E | J60: 44 L | L60: 08:48 | O60: 0.7 | P60: 0.5
A61: =IF($G61="","",INDEX('Passages List'!B$3:B$65,MATCH($G61,'Passages List'!$E$3:$E$65,1))) -> Pir Pau (INBOM) | B61: =IF($G61="","",INDEX('Passages List'!C$3:C$65,MATCH($G61,'Passages List'!$E$3:$E$65,1))) -> Hazira Port (Surat) Hbr (INHZA) | C61: =IF($G61="","",INDEX('Passages List'!E$3:E$65,MATCH($G61,'Passages List'!$E$3:$E$65,1))) -> 46090.099 | D61: =IF($G61="","",INDEX('Passages List'!F$3:F$65,MATCH($G61,'Passages List'!$E$3:$E$65,1))) -> 46090.892 | E61: =IF($G61="","",INDEX('Passages List'!G$3:G$65,MATCH($G61,'Passages List'!$E$3:$E$65,1))) -> Ballast | F61: Departure report | G61: 46090.099 | H61: 18° 57.01' N | I61: 72° 56.79' E | J61: 45 B | L61: 19:52 | O61: 1.2 | P61: 0.9
A62: =IF($G62="","",INDEX('Passages List'!B$3:B$65,MATCH($G62,'Passages List'!$E$3:$E$65,1))) -> Pir Pau (INBOM) | B62: =IF($G62="","",INDEX('Passages List'!C$3:C$65,MATCH($G62,'Passages List'!$E$3:$E$65,1))) -> Hazira Port (Surat) Hbr (INHZA) | C62: =IF($G62="","",INDEX('Passages List'!E$3:E$65,MATCH($G62,'Passages List'!$E$3:$E$65,1))) -> 46090.099 | D62: =IF($G62="","",INDEX('Passages List'!F$3:F$65,MATCH($G62,'Passages List'!$E$3:$E$65,1))) -> 46090.892 | E62: =IF($G62="","",INDEX('Passages List'!G$3:G$65,MATCH($G62,'Passages List'!$E$3:$E$65,1))) -> Ballast | F62: Position report | G62: 46090.208 | H62: 18° 51.07' N | I62: 72° 36.50' E | J62: 45 B | K62: COSP | L62: 02:38 | M62: 23 | O62: 0.7
A63: =IF($G63="","",INDEX('Passages List'!B$3:B$65,MATCH($G63,'Passages List'!$E$3:$E$65,1))) -> Pir Pau (INBOM) | B63: =IF($G63="","",INDEX('Passages List'!C$3:C$65,MATCH($G63,'Passages List'!$E$3:$E$65,1))) -> Hazira Port (Surat) Hbr (INHZA) | C63: =IF($G63="","",INDEX('Passages List'!E$3:E$65,MATCH($G63,'Passages List'!$E$3:$E$65,1))) -> 46090.099 | D63: =IF($G63="","",INDEX('Passages List'!F$3:F$65,MATCH($G63,'Passages List'!$E$3:$E$65,1))) -> 46090.892 | E63: =IF($G63="","",INDEX('Passages List'!G$3:G$65,MATCH($G63,'Passages List'!$E$3:$E$65,1))) -> Ballast | F63: Position report | G63: 46090.271 | H63: 19° 06.30' N | I63: 72° 30.00' E | J63: 45 B | K63: Noon At Sea | L63: 01:30 | M63: 18 | O63: 0.6
A64: =IF($G64="","",INDEX('Passages List'!B$3:B$65,MATCH($G64,'Passages List'!$E$3:$E$65,1))) -> Pir Pau (INBOM) | B64: =IF($G64="","",INDEX('Passages List'!C$3:C$65,MATCH($G64,'Passages List'!$E$3:$E$65,1))) -> Hazira Port (Surat) Hbr (INHZA) | C64: =IF($G64="","",INDEX('Passages List'!E$3:E$65,MATCH($G64,'Passages List'!$E$3:$E$65,1))) -> 46090.099 | D64: =IF($G64="","",INDEX('Passages List'!F$3:F$65,MATCH($G64,'Passages List'!$E$3:$E$65,1))) -> 46090.892 | E64: =IF($G64="","",INDEX('Passages List'!G$3:G$65,MATCH($G64,'Passages List'!$E$3:$E$65,1))) -> Ballast | F64: Position report | G64: 46090.604 | H64: 20° 40.04' N | I64: 72° 32.54' E | J64: 45 B | K64: Noon At Sea | L64: 08:00 | M64: 93 | O64: 5
A65: =IF($G65="","",INDEX('Passages List'!B$3:B$65,MATCH($G65,'Passages List'!$E$3:$E$65,1))) | B65: =IF($G65="","",INDEX('Passages List'!C$3:C$65,MATCH($G65,'Passages List'!$E$3:$E$65,1))) -> Hazira Port (Surat) Hbr (INHZA) | C65: =IF($G65="","",INDEX('Passages List'!E$3:E$65,MATCH($G65,'Passages List'!$E$3:$E$65,1))) -> 46090.892 | D65: =IF($G65="","",INDEX('Passages List'!F$3:F$65,MATCH($G65,'Passages List'!$E$3:$E$65,1))) -> 46093.104 | E65: =IF($G65="","",INDEX('Passages List'!G$3:G$65,MATCH($G65,'Passages List'!$E$3:$E$65,1))) -> Cargo operations | F65: Arrival report | G65: 46090.892 | H65: 21° 05.15' N | I65: 72° 39.45' E | J65: 45 B | K65: EOSP | L65: 06:54 | M65: 22 | O65: 1.7
A66: =IF($G66="","",INDEX('Passages List'!B$3:B$65,MATCH($G66,'Passages List'!$E$3:$E$65,1))) | B66: =IF($G66="","",INDEX('Passages List'!C$3:C$65,MATCH($G66,'Passages List'!$E$3:$E$65,1))) -> Hazira Port (Surat) Hbr (INHZA) | C66: =IF($G66="","",INDEX('Passages List'!E$3:E$65,MATCH($G66,'Passages List'!$E$3:$E$65,1))) -> 46090.892 | D66: =IF($G66="","",INDEX('Passages List'!F$3:F$65,MATCH($G66,'Passages List'!$E$3:$E$65,1))) -> 46093.104 | E66: =IF($G66="","",INDEX('Passages List'!G$3:G$65,MATCH($G66,'Passages List'!$E$3:$E$65,1))) -> Cargo operations | F66: Position report in port | G66: 46091.271 | H66: 21° 05.15' N | I66: 72° 39.45' E | J66: 45 B | L66: 09:06 | O66: 0.8 | P66: 0.5
A67: =IF($G67="","",INDEX('Passages List'!B$3:B$65,MATCH($G67,'Passages List'!$E$3:$E$65,1))) | B67: =IF($G67="","",INDEX('Passages List'!C$3:C$65,MATCH($G67,'Passages List'!$E$3:$E$65,1))) -> Hazira Port (Surat) Hbr (INHZA) | C67: =IF($G67="","",INDEX('Passages List'!E$3:E$65,MATCH($G67,'Passages List'!$E$3:$E$65,1))) -> 46090.892 | D67: =IF($G67="","",INDEX('Passages List'!F$3:F$65,MATCH($G67,'Passages List'!$E$3:$E$65,1))) -> 46093.104 | E67: =IF($G67="","",INDEX('Passages List'!G$3:G$65,MATCH($G67,'Passages List'!$E$3:$E$65,1))) -> Cargo operations | F67: Position report in port | G67: 46092.271 | H67: 21° 05.15' N | I67: 72° 39.45' E | J67: 45 B | L67: 24:00 | O67: 2.2 | P67: 1.3
A68: =IF($G68="","",INDEX('Passages List'!B$3:B$65,MATCH($G68,'Passages List'!$E$3:$E$65,1))) -> Hazira Port (Surat) Hbr (INHZA) | B68: =IF($G68="","",INDEX('Passages List'!C$3:C$65,MATCH($G68,'Passages List'!$E$3:$E$65,1))) -> New Mangalore (INNML) | C68: =IF($G68="","",INDEX('Passages List'!E$3:E$65,MATCH($G68,'Passages List'!$E$3:$E$65,1))) -> 46093.104 | D68: =IF($G68="","",INDEX('Passages List'!F$3:F$65,MATCH($G68,'Passages List'!$E$3:$E$65,1))) -> 46095.238 | E68: =IF($G68="","",INDEX('Passages List'!G$3:G$65,MATCH($G68,'Passages List'!$E$3:$E$65,1))) -> Cargo | F68: Departure report | G68: 46093.104 | H68: 21° 05.15' N | I68: 72° 39.45' E | J68: 45 L - 1 | L68: 20:00 | N68: 11928 | O68: 1.8 | P68: 1.1
A69: =IF($G69="","",INDEX('Passages List'!B$3:B$65,MATCH($G69,'Passages List'!$E$3:$E$65,1))) -> Hazira Port (Surat) Hbr (INHZA) | B69: =IF($G69="","",INDEX('Passages List'!C$3:C$65,MATCH($G69,'Passages List'!$E$3:$E$65,1))) -> New Mangalore (INNML) | C69: =IF($G69="","",INDEX('Passages List'!E$3:E$65,MATCH($G69,'Passages List'!$E$3:$E$65,1))) -> 46093.104 | D69: =IF($G69="","",INDEX('Passages List'!F$3:F$65,MATCH($G69,'Passages List'!$E$3:$E$65,1))) -> 46095.238 | E69: =IF($G69="","",INDEX('Passages List'!G$3:G$65,MATCH($G69,'Passages List'!$E$3:$E$65,1))) -> Cargo | F69: Position report | G69: 46093.167 | H69: 20° 54.23' N | I69: 72° 35.66' E | J69: 45 L - 1 | K69: COSP | L69: 01:30 | M69: 15 | O69: 0.8
A70: =IF($G70="","",INDEX('Passages List'!B$3:B$65,MATCH($G70,'Passages List'!$E$3:$E$65,1))) -> Hazira Port (Surat) Hbr (INHZA) | B70: =IF($G70="","",INDEX('Passages List'!C$3:C$65,MATCH($G70,'Passages List'!$E$3:$E$65,1))) -> New Mangalore (INNML) | C70: =IF($G70="","",INDEX('Passages List'!E$3:E$65,MATCH($G70,'Passages List'!$E$3:$E$65,1))) -> 46093.104 | D70: =IF($G70="","",INDEX('Passages List'!F$3:F$65,MATCH($G70,'Passages List'!$E$3:$E$65,1))) -> 46095.238 | E70: =IF($G70="","",INDEX('Passages List'!G$3:G$65,MATCH($G70,'Passages List'!$E$3:$E$65,1))) -> Cargo | F70: Position report | G70: 46093.271 | H70: 20° 25.70' N | I70: 72° 31.00' E | J70: 45 L - 1 | K70: Noon At Sea | L70: 02:30 | M70: 29 | O70: 1.6
A71: =IF($G71="","",INDEX('Passages List'!B$3:B$65,MATCH($G71,'Passages List'!$E$3:$E$65,1))) -> Hazira Port (Surat) Hbr (INHZA) | B71: =IF($G71="","",INDEX('Passages List'!C$3:C$65,MATCH($G71,'Passages List'!$E$3:$E$65,1))) -> New Mangalore (INNML) | C71: =IF($G71="","",INDEX('Passages List'!E$3:E$65,MATCH($G71,'Passages List'!$E$3:$E$65,1))) -> 46093.104 | D71: =IF($G71="","",INDEX('Passages List'!F$3:F$65,MATCH($G71,'Passages List'!$E$3:$E$65,1))) -> 46095.238 | E71: =IF($G71="","",INDEX('Passages List'!G$3:G$65,MATCH($G71,'Passages List'!$E$3:$E$65,1))) -> Cargo | F71: Position report | G71: 46094.271 | H71: 16° 01.26' N | I71: 73° 01.35' E | J71: 45 L - 1 | K71: Noon At Sea | L71: 24:00 | M71: 270 | O71: 15.1 | P71: 0.1
A72: =IF($G72="","",INDEX('Passages List'!B$3:B$65,MATCH($G72,'Passages List'!$E$3:$E$65,1))) -> Hazira Port (Surat) Hbr (INHZA) | B72: =IF($G72="","",INDEX('Passages List'!C$3:C$65,MATCH($G72,'Passages List'!$E$3:$E$65,1))) -> New Mangalore (INNML) | C72: =IF($G72="","",INDEX('Passages List'!E$3:E$65,MATCH($G72,'Passages List'!$E$3:$E$65,1))) -> 46093.104 | D72: =IF($G72="","",INDEX('Passages List'!F$3:F$65,MATCH($G72,'Passages List'!$E$3:$E$65,1))) -> 46095.238 | E72: =IF($G72="","",INDEX('Passages List'!G$3:G$65,MATCH($G72,'Passages List'!$E$3:$E$65,1))) -> Cargo | F72: Position report | G72: 46095.062 | H72: 12° 58.37' N | I72: 74° 26.66' E | J72: 45 L - 1 | K72: Noon At Sea | L72: 19:00 | M72: 207 | O72: 11.1 | P72: 0.1
A73: =IF($G73="","",INDEX('Passages List'!B$3:B$65,MATCH($G73,'Passages List'!$E$3:$E$65,1))) | B73: =IF($G73="","",INDEX('Passages List'!C$3:C$65,MATCH($G73,'Passages List'!$E$3:$E$65,1))) -> New Mangalore (INNML) | C73: =IF($G73="","",INDEX('Passages List'!E$3:E$65,MATCH($G73,'Passages List'!$E$3:$E$65,1))) -> 46095.238 | D73: =IF($G73="","",INDEX('Passages List'!F$3:F$65,MATCH($G73,'Passages List'!$E$3:$E$65,1))) -> 46101.417 | E73: =IF($G73="","",INDEX('Passages List'!G$3:G$65,MATCH($G73,'Passages List'!$E$3:$E$65,1))) -> Cargo operations | F73: Arrival report | G73: 46095.238 | H73: 12° 55.89' N | I73: 74° 49.01' E | J73: 45 L - 1 | K73: EOSP | L73: 04:12 | M73: 18 | N73: 11928 | O73: 1 | P73: 0.1
A74: =IF($G74="","",INDEX('Passages List'!B$3:B$65,MATCH($G74,'Passages List'!$E$3:$E$65,1))) | B74: =IF($G74="","",INDEX('Passages List'!C$3:C$65,MATCH($G74,'Passages List'!$E$3:$E$65,1))) -> New Mangalore (INNML) | C74: =IF($G74="","",INDEX('Passages List'!E$3:E$65,MATCH($G74,'Passages List'!$E$3:$E$65,1))) -> 46095.238 | D74: =IF($G74="","",INDEX('Passages List'!F$3:F$65,MATCH($G74,'Passages List'!$E$3:$E$65,1))) -> 46101.417 | E74: =IF($G74="","",INDEX('Passages List'!G$3:G$65,MATCH($G74,'Passages List'!$E$3:$E$65,1))) -> Cargo operations | F74: Position report in port | G74: 46095.271 | H74: 12° 55.89' N | I74: 74° 49.01' E | J74: 45 L - 1 | L74: 00:48 | O74: 0.1 | P74: 0.1
A75: =IF($G75="","",INDEX('Passages List'!B$3:B$65,MATCH($G75,'Passages List'!$E$3:$E$65,1))) | B75: =IF($G75="","",INDEX('Passages List'!C$3:C$65,MATCH($G75,'Passages List'!$E$3:$E$65,1))) -> New Mangalore (INNML) | C75: =IF($G75="","",INDEX('Passages List'!E$3:E$65,MATCH($G75,'Passages List'!$E$3:$E$65,1))) -> 46095.238 | D75: =IF($G75="","",INDEX('Passages List'!F$3:F$65,MATCH($G75,'Passages List'!$E$3:$E$65,1))) -> 46101.417 | E75: =IF($G75="","",INDEX('Passages List'!G$3:G$65,MATCH($G75,'Passages List'!$E$3:$E$65,1))) -> Cargo operations | F75: Departure report | G75: 46095.938 | H75: 12° 55.89' N | I75: 74° 49.01' E | J75: 45 L - 2 | L75: 16:00 | N75: 9421.7 | O75: 1.5 | P75: 0.8
A76: =IF($G76="","",INDEX('Passages List'!B$3:B$65,MATCH($G76,'Passages List'!$E$3:$E$65,1))) | B76: =IF($G76="","",INDEX('Passages List'!C$3:C$65,MATCH($G76,'Passages List'!$E$3:$E$65,1))) -> New Mangalore (INNML) | C76: =IF($G76="","",INDEX('Passages List'!E$3:E$65,MATCH($G76,'Passages List'!$E$3:$E$65,1))) -> 46095.238 | D76: =IF($G76="","",INDEX('Passages List'!F$3:F$65,MATCH($G76,'Passages List'!$E$3:$E$65,1))) -> 46101.417 | E76: =IF($G76="","",INDEX('Passages List'!G$3:G$65,MATCH($G76,'Passages List'!$E$3:$E$65,1))) -> Cargo operations | F76: Position report | G76: 46096 | H76: 12° 49.36' N | I76: 74° 41.20' E | J76: 45 L - 2 | K76: COSP | L76: 01:30 | M76: 10 | O76: 0.8
A77: =IF($G77="","",INDEX('Passages List'!B$3:B$65,MATCH($G77,'Passages List'!$E$3:$E$65,1))) | B77: =IF($G77="","",INDEX('Passages List'!C$3:C$65,MATCH($G77,'Passages List'!$E$3:$E$65,1))) -> New Mangalore (INNML) | C77: =IF($G77="","",INDEX('Passages List'!E$3:E$65,MATCH($G77,'Passages List'!$E$3:$E$65,1))) -> 46095.238 | D77: =IF($G77="","",INDEX('Passages List'!F$3:F$65,MATCH($G77,'Passages List'!$E$3:$E$65,1))) -> 46101.417 | E77: =IF($G77="","",INDEX('Passages List'!G$3:G$65,MATCH($G77,'Passages List'!$E$3:$E$65,1))) -> Cargo operations | F77: Position report | G77: 46096.271 | H77: 11° 39.00' N | I77: 74° 39.70' E | J77: 45 L - 2 | K77: Noon At Sea | L77: 06:30 | M77: 74 | O77: 3.9
A78: =IF($G78="","",INDEX('Passages List'!B$3:B$65,MATCH($G78,'Passages List'!$E$3:$E$65,1))) | B78: =IF($G78="","",INDEX('Passages List'!C$3:C$65,MATCH($G78,'Passages List'!$E$3:$E$65,1))) -> New Mangalore (INNML) | C78: =IF($G78="","",INDEX('Passages List'!E$3:E$65,MATCH($G78,'Passages List'!$E$3:$E$65,1))) -> 46095.238 | D78: =IF($G78="","",INDEX('Passages List'!F$3:F$65,MATCH($G78,'Passages List'!$E$3:$E$65,1))) -> 46101.417 | E78: =IF($G78="","",INDEX('Passages List'!G$3:G$65,MATCH($G78,'Passages List'!$E$3:$E$65,1))) -> Cargo operations | F78: Position report | G78: 46097.271 | H78: 7° 55.40' N | I78: 76° 50.40' E | J78: 45 L - 2 | K78: Noon At Sea | L78: 24:00 | M78: 265 | O78: 15.1
A79: =IF($G79="","",INDEX('Passages List'!B$3:B$65,MATCH($G79,'Passages List'!$E$3:$E$65,1))) | B79: =IF($G79="","",INDEX('Passages List'!C$3:C$65,MATCH($G79,'Passages List'!$E$3:$E$65,1))) -> New Mangalore (INNML) | C79: =IF($G79="","",INDEX('Passages List'!E$3:E$65,MATCH($G79,'Passages List'!$E$3:$E$65,1))) -> 46095.238 | D79: =IF($G79="","",INDEX('Passages List'!F$3:F$65,MATCH($G79,'Passages List'!$E$3:$E$65,1))) -> 46101.417 | E79: =IF($G79="","",INDEX('Passages List'!G$3:G$65,MATCH($G79,'Passages List'!$E$3:$E$65,1))) -> Cargo operations | F79: Position report | G79: 46098.271 | H79: 5° 42.00' N | I79: 80° 39.10' E | J79: 45 L - 2 | K79: Noon At Sea | L79: 24:00 | M79: 269 | O79: 15.1
A80: =IF($G80="","",INDEX('Passages List'!B$3:B$65,MATCH($G80,'Passages List'!$E$3:$E$65,1))) | B80: =IF($G80="","",INDEX('Passages List'!C$3:C$65,MATCH($G80,'Passages List'!$E$3:$E$65,1))) -> New Mangalore (INNML) | C80: =IF($G80="","",INDEX('Passages List'!E$3:E$65,MATCH($G80,'Passages List'!$E$3:$E$65,1))) -> 46095.238 | D80: =IF($G80="","",INDEX('Passages List'!F$3:F$65,MATCH($G80,'Passages List'!$E$3:$E$65,1))) -> 46101.417 | E80: =IF($G80="","",INDEX('Passages List'!G$3:G$65,MATCH($G80,'Passages List'!$E$3:$E$65,1))) -> Cargo operations | F80: Position report | G80: 46099.271 | H80: 9° 07.26' N | I80: 81° 50.18' E | J80: 45 L - 2 | K80: Noon At Sea | L80: 24:00 | M80: 270 | O80: 15.1
A81: =IF($G81="","",INDEX('Passages List'!B$3:B$65,MATCH($G81,'Passages List'!$E$3:$E$65,1))) | B81: =IF($G81="","",INDEX('Passages List'!C$3:C$65,MATCH($G81,'Passages List'!$E$3:$E$65,1))) -> New Mangalore (INNML) | C81: =IF($G81="","",INDEX('Passages List'!E$3:E$65,MATCH($G81,'Passages List'!$E$3:$E$65,1))) -> 46095.238 | D81: =IF($G81="","",INDEX('Passages List'!F$3:F$65,MATCH($G81,'Passages List'!$E$3:$E$65,1))) -> 46101.417 | E81: =IF($G81="","",INDEX('Passages List'!G$3:G$65,MATCH($G81,'Passages List'!$E$3:$E$65,1))) -> Cargo operations | F81: Position report | G81: 46100.083 | H81: 12° 53.50' N | I81: 80° 42.05' E | J81: 45 L - 2 | K81: Noon At Sea | L81: 19:30 | M81: 235.4 | O81: 9.4
A82: =IF($G82="","",INDEX('Passages List'!B$3:B$65,MATCH($G82,'Passages List'!$E$3:$E$65,1))) | B82: =IF($G82="","",INDEX('Passages List'!C$3:C$65,MATCH($G82,'Passages List'!$E$3:$E$65,1))) -> New Mangalore (INNML) | C82: =IF($G82="","",INDEX('Passages List'!E$3:E$65,MATCH($G82,'Passages List'!$E$3:$E$65,1))) -> 46095.238 | D82: =IF($G82="","",INDEX('Passages List'!F$3:F$65,MATCH($G82,'Passages List'!$E$3:$E$65,1))) -> 46101.417 | E82: =IF($G82="","",INDEX('Passages List'!G$3:G$65,MATCH($G82,'Passages List'!$E$3:$E$65,1))) -> Cargo operations | F82: Position report | G82: 46100.271 | H82: 13° 05.00' N | I82: 80° 17.00' E | J82: 45 L - 2 | K82: EOSP | L82: 04:30 | M82: 23 | O82: 0.7
A83: =IF($G83="","",INDEX('Passages List'!B$3:B$65,MATCH($G83,'Passages List'!$E$3:$E$65,1))) | B83: =IF($G83="","",INDEX('Passages List'!C$3:C$65,MATCH($G83,'Passages List'!$E$3:$E$65,1))) -> New Mangalore (INNML) | C83: =IF($G83="","",INDEX('Passages List'!E$3:E$65,MATCH($G83,'Passages List'!$E$3:$E$65,1))) -> 46095.238 | D83: =IF($G83="","",INDEX('Passages List'!F$3:F$65,MATCH($G83,'Passages List'!$E$3:$E$65,1))) -> 46101.417 | E83: =IF($G83="","",INDEX('Passages List'!G$3:G$65,MATCH($G83,'Passages List'!$E$3:$E$65,1))) -> Cargo operations | F83: Position report in port | G83: 46101.271 | H83: 13° 05.00' N | I83: 80° 17.00' E | J83: 45 L - 2 | L83: 24:00 | O83: 2.5 | P83: 1.1
A84: =IF($G84="","",INDEX('Passages List'!B$3:B$65,MATCH($G84,'Passages List'!$E$3:$E$65,1))) -> Chennai (ex Madras) (INMAA) | B84: =IF($G84="","",INDEX('Passages List'!C$3:C$65,MATCH($G84,'Passages List'!$E$3:$E$65,1))) -> Hazira Port (Surat) Hbr (INHZA) | C84: =IF($G84="","",INDEX('Passages List'!E$3:E$65,MATCH($G84,'Passages List'!$E$3:$E$65,1))) -> 46101.417 | D84: =IF($G84="","",INDEX('Passages List'!F$3:F$65,MATCH($G84,'Passages List'!$E$3:$E$65,1))) -> 46109.842 | E84: =IF($G84="","",INDEX('Passages List'!G$3:G$65,MATCH($G84,'Passages List'!$E$3:$E$65,1))) -> Ballast | F84: Departure report | G84: 46101.417 | H84: 13° 05.00' N | I84: 80° 17.00' E | J84: 46B | L84: 03:30 | O84: 0.3 | P84: 0.2
A85: =IF($G85="","",INDEX('Passages List'!B$3:B$65,MATCH($G85,'Passages List'!$E$3:$E$65,1))) -> Chennai (ex Madras) (INMAA) | B85: =IF($G85="","",INDEX('Passages List'!C$3:C$65,MATCH($G85,'Passages List'!$E$3:$E$65,1))) -> Hazira Port (Surat) Hbr (INHZA) | C85: =IF($G85="","",INDEX('Passages List'!E$3:E$65,MATCH($G85,'Passages List'!$E$3:$E$65,1))) -> 46101.417 | D85: =IF($G85="","",INDEX('Passages List'!F$3:F$65,MATCH($G85,'Passages List'!$E$3:$E$65,1))) -> 46109.842 | E85: =IF($G85="","",INDEX('Passages List'!G$3:G$65,MATCH($G85,'Passages List'!$E$3:$E$65,1))) -> Ballast | F85: Position report | G85: 46101.521 | H85: 13° 03.10' N | I85: 80° 27.90' E | J85: 46B | K85: COSP | L85: 02:30 | M85: 12.7 | O85: 0.7
A86: =IF($G86="","",INDEX('Passages List'!B$3:B$65,MATCH($G86,'Passages List'!$E$3:$E$65,1))) -> Chennai (ex Madras) (INMAA) | B86: =IF($G86="","",INDEX('Passages List'!C$3:C$65,MATCH($G86,'Passages List'!$E$3:$E$65,1))) -> Hazira Port (Surat) Hbr (INHZA) | C86: =IF($G86="","",INDEX('Passages List'!E$3:E$65,MATCH($G86,'Passages List'!$E$3:$E$65,1))) -> 46101.417 | D86: =IF($G86="","",INDEX('Passages List'!F$3:F$65,MATCH($G86,'Passages List'!$E$3:$E$65,1))) -> 46109.842 | E86: =IF($G86="","",INDEX('Passages List'!G$3:G$65,MATCH($G86,'Passages List'!$E$3:$E$65,1))) -> Ballast | F86: Position report | G86: 46102.271 | H86: 10° 10.05' N | I86: 81° 46.70' E | J86: 46B | K86: Noon At Sea | L86: 18:00 | M86: 206 | O86: 11.6
A87: =IF($G87="","",INDEX('Passages List'!B$3:B$65,MATCH($G87,'Passages List'!$E$3:$E$65,1))) -> Chennai (ex Madras) (INMAA) | B87: =IF($G87="","",INDEX('Passages List'!C$3:C$65,MATCH($G87,'Passages List'!$E$3:$E$65,1))) -> Hazira Port (Surat) Hbr (INHZA) | C87: =IF($G87="","",INDEX('Passages List'!E$3:E$65,MATCH($G87,'Passages List'!$E$3:$E$65,1))) -> 46101.417 | D87: =IF($G87="","",INDEX('Passages List'!F$3:F$65,MATCH($G87,'Passages List'!$E$3:$E$65,1))) -> 46109.842 | E87: =IF($G87="","",INDEX('Passages List'!G$3:G$65,MATCH($G87,'Passages List'!$E$3:$E$65,1))) -> Ballast | F87: Position report | G87: 46103.271 | H87: 5° 59.00' N | I87: 81° 27.80' E | J87: 46B | K87: Noon At Sea | L87: 24:00 | M87: 275 | O87: 15.1
A88: =IF($G88="","",INDEX('Passages List'!B$3:B$65,MATCH($G88,'Passages List'!$E$3:$E$65,1))) -> Chennai (ex Madras) (INMAA) | B88: =IF($G88="","",INDEX('Passages List'!C$3:C$65,MATCH($G88,'Passages List'!$E$3:$E$65,1))) -> Hazira Port (Surat) Hbr (INHZA) | C88: =IF($G88="","",INDEX('Passages List'!E$3:E$65,MATCH($G88,'Passages List'!$E$3:$E$65,1))) -> 46101.417 | D88: =IF($G88="","",INDEX('Passages List'!F$3:F$65,MATCH($G88,'Passages List'!$E$3:$E$65,1))) -> 46109.842 | E88: =IF($G88="","",INDEX('Passages List'!G$3:G$65,MATCH($G88,'Passages List'!$E$3:$E$65,1))) -> Ballast | F88: Position report | G88: 46104.271 | H88: 7° 38.04' N | I88: 77° 14.30' E | J88: 46B | K88: Noon At Sea | L88: 24:00 | M88: 287.3 | O88: 15
A89: =IF($G89="","",INDEX('Passages List'!B$3:B$65,MATCH($G89,'Passages List'!$E$3:$E$65,1))) -> Chennai (ex Madras) (INMAA) | B89: =IF($G89="","",INDEX('Passages List'!C$3:C$65,MATCH($G89,'Passages List'!$E$3:$E$65,1))) -> Hazira Port (Surat) Hbr (INHZA) | C89: =IF($G89="","",INDEX('Passages List'!E$3:E$65,MATCH($G89,'Passages List'!$E$3:$E$65,1))) -> 46101.417 | D89: =IF($G89="","",INDEX('Passages List'!F$3:F$65,MATCH($G89,'Passages List'!$E$3:$E$65,1))) -> 46109.842 | E89: =IF($G89="","",INDEX('Passages List'!G$3:G$65,MATCH($G89,'Passages List'!$E$3:$E$65,1))) -> Ballast | F89: Position report | G89: 46105.271 | H89: 11° 18.04' N | I89: 74° 32.60' E | J89: 46B | K89: Noon At Sea | L89: 24:00 | M89: 275 | O89: 15
A90: =IF($G90="","",INDEX('Passages List'!B$3:B$65,MATCH($G90,'Passages List'!$E$3:$E$65,1))) -> Chennai (ex Madras) (INMAA) | B90: =IF($G90="","",INDEX('Passages List'!C$3:C$65,MATCH($G90,'Passages List'!$E$3:$E$65,1))) -> Hazira Port (Surat) Hbr (INHZA) | C90: =IF($G90="","",INDEX('Passages List'!E$3:E$65,MATCH($G90,'Passages List'!$E$3:$E$65,1))) -> 46101.417 | D90: =IF($G90="","",INDEX('Passages List'!F$3:F$65,MATCH($G90,'Passages List'!$E$3:$E$65,1))) -> 46109.842 | E90: =IF($G90="","",INDEX('Passages List'!G$3:G$65,MATCH($G90,'Passages List'!$E$3:$E$65,1))) -> Ballast | F90: Position report | G90: 46106.271 | H90: 15° 45.00' N | I90: 72° 47.07' E | J90: 46B | K90: Noon At Sea | L90: 24:00 | M90: 289 | O90: 15.1
A91: =IF($G91="","",INDEX('Passages List'!B$3:B$65,MATCH($G91,'Passages List'!$E$3:$E$65,1))) -> Chennai (ex Madras) (INMAA) | B91: =IF($G91="","",INDEX('Passages List'!C$3:C$65,MATCH($G91,'Passages List'!$E$3:$E$65,1))) -> Hazira Port (Surat) Hbr (INHZA) | C91: =IF($G91="","",INDEX('Passages List'!E$3:E$65,MATCH($G91,'Passages List'!$E$3:$E$65,1))) -> 46101.417 | D91: =IF($G91="","",INDEX('Passages List'!F$3:F$65,MATCH($G91,'Passages List'!$E$3:$E$65,1))) -> 46109.842 | E91: =IF($G91="","",INDEX('Passages List'!G$3:G$65,MATCH($G91,'Passages List'!$E$3:$E$65,1))) -> Ballast | F91: Position report | G91: 46107.271 | H91: 20° 12.10' N | I91: 72° 30.40' E | J91: 46B | K91: Noon At Sea | L91: 24:00 | M91: 268 | O91: 15.2
A92: =IF($G92="","",INDEX('Passages List'!B$3:B$65,MATCH($G92,'Passages List'!$E$3:$E$65,1))) -> Chennai (ex Madras) (INMAA) | B92: =IF($G92="","",INDEX('Passages List'!C$3:C$65,MATCH($G92,'Passages List'!$E$3:$E$65,1))) -> Hazira Port (Surat) Hbr (INHZA) | C92: =IF($G92="","",INDEX('Passages List'!E$3:E$65,MATCH($G92,'Passages List'!$E$3:$E$65,1))) -> 46101.417 | D92: =IF($G92="","",INDEX('Passages List'!F$3:F$65,MATCH($G92,'Passages List'!$E$3:$E$65,1))) -> 46109.842 | E92: =IF($G92="","",INDEX('Passages List'!G$3:G$65,MATCH($G92,'Passages List'!$E$3:$E$65,1))) -> Ballast | F92: Position report | G92: 46107.396 | H92: 20° 41.09' N | I92: 72° 34.40' E | J92: 46B | K92: Noon At Sea | L92: 03:00 | M92: 29 | O92: 1.6
A93: =IF($G93="","",INDEX('Passages List'!B$3:B$65,MATCH($G93,'Passages List'!$E$3:$E$65,1))) -> Chennai (ex Madras) (INMAA) | B93: =IF($G93="","",INDEX('Passages List'!C$3:C$65,MATCH($G93,'Passages List'!$E$3:$E$65,1))) -> Hazira Port (Surat) Hbr (INHZA) | C93: =IF($G93="","",INDEX('Passages List'!E$3:E$65,MATCH($G93,'Passages List'!$E$3:$E$65,1))) -> 46101.417 | D93: =IF($G93="","",INDEX('Passages List'!F$3:F$65,MATCH($G93,'Passages List'!$E$3:$E$65,1))) -> 46109.842 | E93: =IF($G93="","",INDEX('Passages List'!G$3:G$65,MATCH($G93,'Passages List'!$E$3:$E$65,1))) -> Ballast | F93: Position report | G93: 46108.271 | H93: 20° 48.42' N | I93: 72° 37.05' E | J93: 46B | K93: EOSP | L93: 21:00 | M93: 15 | O93: 2 | P93: 0.8
A94: =IF($G94="","",INDEX('Passages List'!B$3:B$65,MATCH($G94,'Passages List'!$E$3:$E$65,1))) -> Chennai (ex Madras) (INMAA) | B94: =IF($G94="","",INDEX('Passages List'!C$3:C$65,MATCH($G94,'Passages List'!$E$3:$E$65,1))) -> Hazira Port (Surat) Hbr (INHZA) | C94: =IF($G94="","",INDEX('Passages List'!E$3:E$65,MATCH($G94,'Passages List'!$E$3:$E$65,1))) -> 46101.417 | D94: =IF($G94="","",INDEX('Passages List'!F$3:F$65,MATCH($G94,'Passages List'!$E$3:$E$65,1))) -> 46109.842 | E94: =IF($G94="","",INDEX('Passages List'!G$3:G$65,MATCH($G94,'Passages List'!$E$3:$E$65,1))) -> Ballast | F94: Position report | G94: 46109.271 | H94: 20° 48.57' N | I94: 72° 37.09' E | J94: 46B | L94: 24:00 | O94: 1.9 | P94: 1.1
A95: =IF($G95="","",INDEX('Passages List'!B$3:B$65,MATCH($G95,'Passages List'!$E$3:$E$65,1))) | B95: =IF($G95="","",INDEX('Passages List'!C$3:C$65,MATCH($G95,'Passages List'!$E$3:$E$65,1))) -> Hazira Port (Surat) Hbr (INHZA) | C95: =IF($G95="","",INDEX('Passages List'!E$3:E$65,MATCH($G95,'Passages List'!$E$3:$E$65,1))) -> 46109.842 | D95: =IF($G95="","",INDEX('Passages List'!F$3:F$65,MATCH($G95,'Passages List'!$E$3:$E$65,1))) -> 46113.354 | E95: =IF($G95="","",INDEX('Passages List'!G$3:G$65,MATCH($G95,'Passages List'!$E$3:$E$65,1))) -> Cargo operations | F95: Arrival report | G95: 46109.842 | H95: 21° 05.41' N | I95: 72° 39.40' E | J95: 46B | L95: 13:42 | M95: 20 | O95: 1.9 | P95: 0.5
A96: =IF($G96="","",INDEX('Passages List'!B$3:B$65,MATCH($G96,'Passages List'!$E$3:$E$65,1))) | B96: =IF($G96="","",INDEX('Passages List'!C$3:C$65,MATCH($G96,'Passages List'!$E$3:$E$65,1))) -> Hazira Port (Surat) Hbr (INHZA) | C96: =IF($G96="","",INDEX('Passages List'!E$3:E$65,MATCH($G96,'Passages List'!$E$3:$E$65,1))) -> 46109.842 | D96: =IF($G96="","",INDEX('Passages List'!F$3:F$65,MATCH($G96,'Passages List'!$E$3:$E$65,1))) -> 46113.354 | E96: =IF($G96="","",INDEX('Passages List'!G$3:G$65,MATCH($G96,'Passages List'!$E$3:$E$65,1))) -> Cargo operations | F96: Position report in port | G96: 46110.271 | H96: 21° 05.41' N | I96: 72° 39.40' E | J96: 46B | L96: 10:18 | O96: 1.1 | P96: 0.3
A97: =IF($G97="","",INDEX('Passages List'!B$3:B$65,MATCH($G97,'Passages List'!$E$3:$E$65,1))) | B97: =IF($G97="","",INDEX('Passages List'!C$3:C$65,MATCH($G97,'Passages List'!$E$3:$E$65,1))) -> Hazira Port (Surat) Hbr (INHZA) | C97: =IF($G97="","",INDEX('Passages List'!E$3:E$65,MATCH($G97,'Passages List'!$E$3:$E$65,1))) -> 46109.842 | D97: =IF($G97="","",INDEX('Passages List'!F$3:F$65,MATCH($G97,'Passages List'!$E$3:$E$65,1))) -> 46113.354 | E97: =IF($G97="","",INDEX('Passages List'!G$3:G$65,MATCH($G97,'Passages List'!$E$3:$E$65,1))) -> Cargo operations | F97: Position report in port | G97: 46111.271 | H97: 21° 05.41' N | I97: 72° 39.40' E | J97: 46B | L97: 24:00 | O97: 2.2 | P97: 0.9
A98: =IF($G98="","",INDEX('Passages List'!B$3:B$65,MATCH($G98,'Passages List'!$E$3:$E$65,1))) | B98: =IF($G98="","",INDEX('Passages List'!C$3:C$65,MATCH($G98,'Passages List'!$E$3:$E$65,1))) -> Hazira Port (Surat) Hbr (INHZA) | C98: =IF($G98="","",INDEX('Passages List'!E$3:E$65,MATCH($G98,'Passages List'!$E$3:$E$65,1))) -> 46109.842 | D98: =IF($G98="","",INDEX('Passages List'!F$3:F$65,MATCH($G98,'Passages List'!$E$3:$E$65,1))) -> 46113.354 | E98: =IF($G98="","",INDEX('Passages List'!G$3:G$65,MATCH($G98,'Passages List'!$E$3:$E$65,1))) -> Cargo operations | F98: Position report in port | G98: 46112.271 | H98: 21° 05.41' N | I98: 72° 39.40' E | J98: 46B | L98: 24:00 | O98: 2.5 | P98: 1.1
A99: =IF($G99="","",INDEX('Passages List'!B$3:B$65,MATCH($G99,'Passages List'!$E$3:$E$65,1))) | B99: =IF($G99="","",INDEX('Passages List'!C$3:C$65,MATCH($G99,'Passages List'!$E$3:$E$65,1))) -> Hazira Port (Surat) Hbr (INHZA) | C99: =IF($G99="","",INDEX('Passages List'!E$3:E$65,MATCH($G99,'Passages List'!$E$3:$E$65,1))) -> 46109.842 | D99: =IF($G99="","",INDEX('Passages List'!F$3:F$65,MATCH($G99,'Passages List'!$E$3:$E$65,1))) -> 46113.354 | E99: =IF($G99="","",INDEX('Passages List'!G$3:G$65,MATCH($G99,'Passages List'!$E$3:$E$65,1))) -> Cargo operations | F99: Position report in port | G99: 46113.271 | H99: 21° 05.41' N | I99: 72° 39.40' E | J99: 46B | L99: 24:00 | O99: 2.6 | P99: 1
A100: =IF($G100="","",INDEX('Passages List'!B$3:B$65,MATCH($G100,'Passages List'!$E$3:$E$65,1))) -> Hazira Port (Surat) Hbr (INHZA) | B100: =IF($G100="","",INDEX('Passages List'!C$3:C$65,MATCH($G100,'Passages List'!$E$3:$E$65,1))) -> Pir Pau (INBOM) | C100: =IF($G100="","",INDEX('Passages List'!E$3:E$65,MATCH($G100,'Passages List'!$E$3:$E$65,1))) -> 46113.354 | D100: =IF($G100="","",INDEX('Passages List'!F$3:F$65,MATCH($G100,'Passages List'!$E$3:$E$65,1))) -> 46120.908 | E100: =IF($G100="","",INDEX('Passages List'!G$3:G$65,MATCH($G100,'Passages List'!$E$3:$E$65,1))) -> Cargo | F100: Departure report | G100: 46113.354 | H100: 21° 05.41' N | I100: 72° 39.40' E | J100: 46 L - 1 | L100: 02:00 | N100: 13999.6 | O100: 0.2 | P100: 0.1
...
